name,types,levitate,weight,hp,attack,defense,special_attack,special_defense,speed,weakness_bug,weakness_dark,weakness_dragon,weakness_electric,weakness_fairy,weakness_fighting,weakness_fire,weakness_flying,weakness_ghost,weakness_grass,weakness_ground,weakness_ice,weakness_normal,weakness_poison,weakness_psychic,weakness_rock,weakness_steel,weakness_water
Bulbasaur,grass;poison,0,6.9,45,49,49,65,65,45,1,1,1,0.5,0.5,0.5,2,2,1,0.25,1,2,1,1,2,1,1,0.5
Ivysaur,grass;poison,0,13,60,62,63,80,80,60,1,1,1,0.5,0.5,0.5,2,2,1,0.25,1,2,1,1,2,1,1,0.5
Venusaur,grass;poison,0,100,80,82,83,100,100,80,1,1,1,0.5,0.5,0.5,2,2,1,0.25,1,2,1,1,2,1,1,0.5
Mega Venusaur,grass;poison,0,155.5,80,100,123,122,120,80,1,1,1,0.5,0.5,0.5,1,2,1,0.25,1,1,1,1,2,1,1,0.5
Charmander,fire;none,0,8.5,39,52,43,60,50,65,0.5,1,1,1,0.5,1,0.5,1,1,0.5,2,0.5,1,1,1,2,0.5,2
Charmeleon,fire;none,0,19,58,64,58,80,65,80,0.5,1,1,1,0.5,1,0.5,1,1,0.5,2,0.5,1,1,1,2,0.5,2
Charizard,fire;flying,0,90.5,78,84,78,109,85,100,0.25,1,1,2,0.5,0.5,0.5,1,1,0.25,0,1,1,1,1,4,0.5,2
Mega Charizard X,fire;dragon,0,110.5,78,130,111,130,85,100,0.5,1,2,0.5,1,1,0.25,1,1,0.25,2,1,1,1,1,2,0.5,1
Mega Charizard Y,fire;flying,0,100.5,78,104,78,159,115,100,0.25,1,1,2,0.5,0.5,0.5,1,1,0.25,0,1,1,1,1,4,0.5,2
Squirtle,water;none,0,9,44,48,65,50,64,43,1,1,1,2,1,1,0.5,1,1,2,1,0.5,1,1,1,1,0.5,0.5
Wartortle,water;none,0,22.5,59,63,80,65,80,58,1,1,1,2,1,1,0.5,1,1,2,1,0.5,1,1,1,1,0.5,0.5
Blastoise,water;none,0,85.5,79,83,100,85,105,78,1,1,1,2,1,1,0.5,1,1,2,1,0.5,1,1,1,1,0.5,0.5
Mega Blastoise,water;none,0,101.1,79,103,120,135,115,78,1,1,1,2,1,1,0.5,1,1,2,1,0.5,1,1,1,1,0.5,0.5
Caterpie,bug;none,0,2.9,45,30,35,20,20,45,1,1,1,1,1,0.5,2,2,1,0.5,0.5,1,1,1,1,2,1,1
Metapod,bug;none,0,9.9,50,20,55,25,25,30,1,1,1,1,1,0.5,2,2,1,0.5,0.5,1,1,1,1,2,1,1
Butterfree,bug;flying,0,32,60,45,50,90,80,70,0.5,1,1,2,1,0.25,2,2,1,0.25,0,2,1,1,1,4,1,1
Weedle,bug;poison,0,3.2,40,35,30,20,20,50,0.5,1,1,1,0.5,0.25,2,2,1,0.25,1,1,1,0.5,2,2,1,1
Kakuna,bug;poison,0,10,45,25,50,25,25,35,0.5,1,1,1,0.5,0.25,2,2,1,0.25,1,1,1,0.5,2,2,1,1
Beedrill,bug;poison,0,29.5,65,90,40,45,80,75,0.5,1,1,1,0.5,0.25,2,2,1,0.25,1,1,1,0.5,2,2,1,1
Mega Beedrill,bug;poison,0,40.5,65,150,40,15,80,145,0.5,1,1,1,0.5,0.25,2,2,1,0.25,1,1,1,0.5,2,2,1,1
Pidgey,normal;flying,0,1.8,40,45,40,35,35,56,0.5,1,1,2,1,1,1,1,0,0.5,0,2,1,1,1,2,1,1
Pidgeotto,normal;flying,0,30,63,60,55,50,50,71,0.5,1,1,2,1,1,1,1,0,0.5,0,2,1,1,1,2,1,1
Pidgeot,normal;flying,0,39.5,83,80,75,70,70,101,0.5,1,1,2,1,1,1,1,0,0.5,0,2,1,1,1,2,1,1
Mega Pidgeot,normal;flying,0,50.5,83,80,80,135,80,121,0.5,1,1,2,1,1,1,1,0,0.5,0,2,1,1,1,2,1,1
Rattata,normal;none,0,3.5,30,56,35,25,35,72,1,1,1,1,1,2,1,1,0,1,1,1,1,1,1,1,1,1
Alolan Rattata,dark;normal,0,3.8,30,56,35,25,35,72,2,0.5,1,1,2,4,1,1,0,1,1,1,1,1,0,1,1,1
Raticate,normal;none,0,18.5,55,81,60,50,70,97,1,1,1,1,1,2,1,1,0,1,1,1,1,1,1,1,1,1
Alolan Raticate,dark;normal,0,25.5,75,71,70,40,80,77,2,0.5,1,1,2,4,1,1,0,1,1,1,1,1,0,1,1,1
Spearow,normal;flying,0,2,40,60,30,31,31,70,0.5,1,1,2,1,1,1,1,0,0.5,0,2,1,1,1,2,1,1
Fearow,normal;flying,0,38,65,90,65,61,61,100,0.5,1,1,2,1,1,1,1,0,0.5,0,2,1,1,1,2,1,1
Ekans,poison;none,0,6.9,35,60,44,40,54,55,0.5,1,1,1,0.5,0.5,1,1,1,0.5,2,1,1,0.5,2,1,1,1
Arbok,poison;none,0,65,60,95,69,65,79,80,0.5,1,1,1,0.5,0.5,1,1,1,0.5,2,1,1,0.5,2,1,1,1
Pikachu,electric;none,0,6,35,55,40,50,50,90,1,1,1,0.5,1,1,1,0.5,1,1,2,1,1,1,1,1,0.5,1
Raichu,electric;none,0,30,60,90,55,90,80,110,1,1,1,0.5,1,1,1,0.5,1,1,2,1,1,1,1,1,0.5,1
Alolan Raichu,electric;psychic,0,21,60,85,50,95,85,110,2,2,1,0.5,1,0.5,1,0.5,2,1,2,1,1,1,0.5,1,0.5,1
Sandshrew,ground;none,0,12,50,75,85,20,30,40,1,1,1,0,1,1,1,1,1,2,1,2,1,0.5,1,0.5,1,2
Alolan Sandshrew,ice;steel,0,40,50,75,90,10,35,40,0.5,1,0.5,1,0.5,4,4,0.5,1,0.5,2,0.25,0.5,0,0.5,1,1,1
Sandslash,ground;none,0,29.5,75,100,110,45,55,65,1,1,1,0,1,1,1,1,1,2,1,2,1,0.5,1,0.5,1,2
Alolan Sandslash,ice;steel,0,55,75,100,120,25,65,65,0.5,1,0.5,1,0.5,4,4,0.5,1,0.5,2,0.25,0.5,0,0.5,1,1,1
Nidorana female,poison;none,0,7,55,47,52,40,40,41,0.5,1,1,1,0.5,0.5,1,1,1,0.5,2,1,1,0.5,2,1,1,1
Nidorina,poison;none,0,20,70,62,67,55,55,56,0.5,1,1,1,0.5,0.5,1,1,1,0.5,2,1,1,0.5,2,1,1,1
Nidoqueen,poison;ground,0,60,90,92,87,75,85,76,0.5,1,1,0,0.5,0.5,1,1,1,1,2,2,1,0.25,2,0.5,1,2
Nidorana male,poison;none,0,9,46,57,40,40,40,50,0.5,1,1,1,0.5,0.5,1,1,1,0.5,2,1,1,0.5,2,1,1,1
Nidorino,poison;none,0,19.5,61,72,57,55,55,65,0.5,1,1,1,0.5,0.5,1,1,1,0.5,2,1,1,0.5,2,1,1,1
Nidoking,poison;ground,0,62,81,102,77,85,75,85,0.5,1,1,0,0.5,0.5,1,1,1,1,2,2,1,0.25,2,0.5,1,2
Clefairy,fairy;none,0,7.5,70,45,48,60,65,35,0.5,0.5,0,1,1,0.5,1,1,1,1,1,1,1,2,1,1,2,1
Clefable,fairy;none,0,40,95,70,73,95,90,60,0.5,0.5,0,1,1,0.5,1,1,1,1,1,1,1,2,1,1,2,1
Vulpix,fire;none,0,9.9,38,41,40,50,65,65,0.5,1,1,1,0.5,1,0,1,1,0.5,2,0.5,1,1,1,2,0.5,2
Alolan Vulpix,ice;none,0,9.9,38,41,40,50,65,65,1,1,1,1,1,2,2,1,1,1,1,0.5,1,1,1,2,2,1
Ninetales,fire;none,0,19.9,73,76,75,81,100,100,0.5,1,1,1,0.5,1,0,1,1,0.5,2,0.5,1,1,1,2,0.5,2
Alolan Ninetales,ice;fairy,0,19.9,73,67,75,81,100,109,0.5,0.5,0,1,1,1,2,1,1,1,1,0.5,1,2,1,2,4,1
Jigglypuff,normal;fairy,0,5.5,115,45,20,45,25,20,0.5,0.5,0,1,1,1,1,1,0,1,1,1,1,2,1,1,2,1
Wigglytuff,normal;fairy,0,12,140,70,45,85,50,45,0.5,0.5,0,1,1,1,1,1,0,1,1,1,1,2,1,1,2,1
Zubat,poison;flying,0,7.5,40,45,35,30,40,55,0.25,1,1,2,0.5,0.25,1,1,1,0.25,0,2,1,0.5,2,2,1,1
Golbat,poison;flying,0,55,75,80,70,65,75,90,0.25,1,1,2,0.5,0.25,1,1,1,0.25,0,2,1,0.5,2,2,1,1
Oddish,grass;poison,0,5.4,45,50,55,75,65,30,1,1,1,0.5,0.5,0.5,2,2,1,0.25,1,2,1,1,2,1,1,0.5
Gloom,grass;poison,0,8.6,60,65,70,85,75,40,1,1,1,0.5,0.5,0.5,2,2,1,0.25,1,2,1,1,2,1,1,0.5
Vileplume,grass;poison,0,18.6,75,80,85,110,90,50,1,1,1,0.5,0.5,0.5,2,2,1,0.25,1,2,1,1,2,1,1,0.5
Paras,bug;grass,0,5.4,35,70,55,45,55,25,2,1,1,0.5,1,0.5,4,4,1,0.25,0.25,2,1,2,1,2,1,0.5
Parasect,bug;grass,0,29.5,60,95,80,60,80,30,2,1,1,0.5,1,0.5,4,4,1,0.25,0.25,2,1,2,1,2,1,0.5
Venonat,bug;poison,0,30,60,55,50,40,55,45,0.5,1,1,1,0.5,0.25,2,2,1,0.25,1,1,1,0.5,2,2,1,1
Venomoth,bug;poison,0,12.5,70,65,60,90,75,90,0.5,1,1,1,0.5,0.25,2,2,1,0.25,1,1,1,0.5,2,2,1,1
Diglett,ground;none,0,0.8,10,55,25,35,45,95,1,1,1,0,1,1,1,1,1,2,1,2,1,0.5,1,0.5,1,2
Alolan Diglett,ground;steel,0,1,10,55,30,35,45,90,0.5,1,0.5,0,0.5,2,2,0.5,1,1,2,1,0.5,0,0.5,0.25,0.5,2
Dugtrio,ground;none,0,33.3,35,100,50,50,70,120,1,1,1,0,1,1,1,1,1,2,1,2,1,0.5,1,0.5,1,2
Alolan Dugtrio,ground;steel,0,66.6,35,100,60,50,70,110,0.5,1,0.5,0,0.5,2,2,0.5,1,1,2,1,0.5,0,0.5,0.25,0.5,2
Meowth,normal;none,0,4.2,40,45,35,40,40,90,1,1,1,1,1,2,1,1,0,1,1,1,1,1,1,1,1,1
Alolan Meowth,dark;none,0,4.2,40,35,35,50,40,90,2,0.5,1,1,2,2,1,1,0.5,1,1,1,1,1,0,1,1,1
Persian,normal;none,0,32,65,70,60,65,65,115,1,1,1,1,1,2,1,1,0,1,1,1,1,1,1,1,1,1
Alolan Persian,dark;none,0,33,65,60,60,75,65,115,2,0.5,1,1,2,2,1,1,0.5,1,1,1,1,1,0,1,1,1
Psyduck,water;none,0,19.6,50,52,48,65,50,55,1,1,1,2,1,1,0.5,1,1,2,1,0.5,1,1,1,1,0.5,0.5
Golduck,water;none,0,76.6,80,82,78,95,80,85,1,1,1,2,1,1,0.5,1,1,2,1,0.5,1,1,1,1,0.5,0.5
Mankey,fighting;none,0,28,40,80,35,35,45,70,0.5,0.5,1,1,2,1,1,2,1,1,1,1,1,1,2,0.5,1,1
Primeape,fighting;none,0,32,65,105,60,60,70,95,0.5,0.5,1,1,2,1,1,2,1,1,1,1,1,1,2,0.5,1,1
Growlithe,fire;none,0,19,55,70,45,70,50,60,0.5,1,1,1,0.5,1,0.5,1,1,0.5,2,0.5,1,1,1,2,0.5,2
Arcanine,fire;none,0,155,90,110,80,100,80,95,0.5,1,1,1,0.5,1,0.5,1,1,0.5,2,0.5,1,1,1,2,0.5,2
Poliwag,water;none,0,12.4,40,50,40,40,40,90,1,1,1,2,1,1,0.5,1,1,2,1,0.5,1,1,1,1,0.5,0
Poliwhirl,water;none,0,20,65,65,65,50,50,90,1,1,1,2,1,1,0.5,1,1,2,1,0.5,1,1,1,1,0.5,0
Poliwrath,water;fighting,0,54,90,95,95,70,90,70,0.5,0.5,1,2,2,1,0.5,2,1,2,1,0.5,1,1,2,0.5,0.5,0
Abra,psychic;none,0,19.5,25,20,15,105,55,90,2,2,1,1,1,0.5,1,1,2,1,1,1,1,1,0.5,1,1,1
Kadabra,psychic;none,0,56.5,40,35,30,120,70,105,2,2,1,1,1,0.5,1,1,2,1,1,1,1,1,0.5,1,1,1
Alakazam,psychic;none,0,48,55,50,45,135,95,120,2,2,1,1,1,0.5,1,1,2,1,1,1,1,1,0.5,1,1,1
Mega Alakazam,psychic;none,0,48,55,50,65,175,105,150,2,2,1,1,1,0.5,1,1,2,1,1,1,1,1,0.5,1,1,1
Machop,fighting;none,0,19.5,70,80,50,35,35,35,0.5,0.5,1,1,2,1,1,2,1,1,1,1,1,1,2,0.5,1,1
Machoke,fighting;none,0,70.5,80,100,70,50,60,45,0.5,0.5,1,1,2,1,1,2,1,1,1,1,1,1,2,0.5,1,1
Machamp,fighting;none,0,130,90,130,80,65,85,55,0.5,0.5,1,1,2,1,1,2,1,1,1,1,1,1,2,0.5,1,1
Bellsprout,grass;poison,0,4,50,75,35,70,30,40,1,1,1,0.5,0.5,0.5,2,2,1,0.25,1,2,1,1,2,1,1,0.5
Weepinbell,grass;poison,0,6.4,65,90,50,85,45,55,1,1,1,0.5,0.5,0.5,2,2,1,0.25,1,2,1,1,2,1,1,0.5
Victreebel,grass;poison,0,15.5,80,105,65,100,70,70,1,1,1,0.5,0.5,0.5,2,2,1,0.25,1,2,1,1,2,1,1,0.5
Tentacool,water;poison,0,45.5,40,40,35,50,100,70,0.5,1,1,2,0.5,0.5,0.5,1,1,1,2,0.5,1,0.5,2,1,0.5,0.5
Tentacruel,water;poison,0,55,80,70,65,80,120,100,0.5,1,1,2,0.5,0.5,0.5,1,1,1,2,0.5,1,0.5,2,1,0.5,0.5
Geodude,rock;ground,0,20,40,80,100,30,30,20,1,1,1,0,1,2,0.5,0.5,1,4,2,2,0.5,0.25,1,0.5,2,4
Alolan Geodude,rock;electric,0,20.3,40,80,100,30,30,20,1,1,1,0.5,1,2,0.5,0.25,1,2,4,1,0.5,0.5,1,1,1,2
Graveler,rock;ground,0,105,55,95,115,45,45,35,1,1,1,0,1,2,0.5,0.5,1,4,2,2,0.5,0.25,1,0.5,2,4
Alolan Graveler,rock;electric,0,110,55,95,115,45,45,35,1,1,1,0.5,1,2,0.5,0.25,1,2,4,1,0.5,0.5,1,1,1,2
Golem,rock;ground,0,300,80,120,130,55,65,45,1,1,1,0,1,2,0.5,0.5,1,4,2,2,0.5,0.25,1,0.5,2,4
Alolan Golem,rock;electric,0,316,80,120,130,55,65,45,1,1,1,0.5,1,2,0.5,0.25,1,2,4,1,0.5,0.5,1,1,1,2
Ponyta,fire;none,0,30,50,85,55,65,65,90,0.5,1,1,1,0.5,1,0.5,1,1,0.5,2,0.5,1,1,1,2,0.5,2
Galarian Ponyta,psychic;none,0,24,50,85,55,65,65,90,2,2,1,1,1,0.5,1,1,2,1,1,1,1,1,0.5,1,1,1
Rapidash,fire;none,0,95,65,100,70,80,80,105,0.5,1,1,1,0.5,1,0.5,1,1,0.5,2,0.5,1,1,1,2,0.5,2
Galarian Rapidash,psychic;fairy,0,80,65,100,70,80,80,105,1,1,0,1,1,0.25,1,1,2,1,1,1,1,2,0.5,1,2,1
Slowpoke,water;psychic,0,36,90,65,65,40,40,15,2,2,1,2,1,0.5,0.5,1,2,2,1,0.5,1,1,0.5,1,0.5,0.5
Galarian Slowpoke,psychic;none,0,36,90,65,65,40,40,15,2,2,1,1,1,0.5,1,1,2,1,1,1,1,1,0.5,1,1,1
Slowbro,water;psychic,0,78.5,95,75,110,100,80,30,2,2,1,2,1,0.5,0.5,1,2,2,1,0.5,1,1,0.5,1,0.5,0.5
Mega Slowbro,water;psychic,0,120,95,75,180,130,80,30,2,2,1,2,1,0.5,0.5,1,2,2,1,0.5,1,1,0.5,1,0.5,0.5
Magnemite,electric;steel,0,6,25,35,70,95,55,45,0.5,1,0.5,0.5,0.5,2,2,0.25,1,0.5,4,0.5,0.5,0,0.5,0.5,0.25,1
Magneton,electric;steel,0,60,50,60,95,120,70,70,0.5,1,0.5,0.5,0.5,2,2,0.25,1,0.5,4,0.5,0.5,0,0.5,0.5,0.25,1
Farfetch'd,normal;flying,0,15,52,90,55,58,62,60,0.5,1,1,2,1,1,1,1,0,0.5,0,2,1,1,1,2,1,1
Doduo,normal;flying,0,39.2,35,85,45,35,35,75,0.5,1,1,2,1,1,1,1,0,0.5,0,2,1,1,1,2,1,1
Dodrio,normal;flying,0,85.2,60,110,70,60,60,110,0.5,1,1,2,1,1,1,1,0,0.5,0,2,1,1,1,2,1,1
Seel,water;none,0,90,65,45,55,45,70,45,1,1,1,2,1,1,0.25,1,1,2,1,0.25,1,1,1,1,0.5,0.5
Dewgong,water;ice,0,120,90,70,80,70,95,70,1,1,1,2,1,2,0.5,1,1,2,1,0.125,1,1,1,2,1,0.5
Grimer,poison;none,0,30,80,80,50,40,50,25,0.5,1,1,1,0.5,0.5,1,1,1,0.5,2,1,1,0.5,2,1,1,1
Alolan Grimer,poison;dark,0,42,80,80,50,40,50,25,1,0.5,1,1,1,1,1,1,0.5,0.5,2,1,1,0.5,0,1,1,1
Muk,poison;none,0,30,105,105,75,65,100,50,0.5,1,1,1,0.5,0.5,1,1,1,0.5,2,1,1,0.5,2,1,1,1
Alolan Muk,poison;dark,0,52,105,105,75,65,100,50,1,0.5,1,1,1,1,1,1,0.5,0.5,2,1,1,0.5,0,1,1,1
Shellder,water;none,0,4,30,65,100,45,25,40,1,1,1,2,1,1,0.5,1,1,2,1,0.5,1,1,1,1,0.5,0.5
Cloyster,water;ice,0,132.5,50,95,180,85,45,70,1,1,1,2,1,2,1,1,1,2,1,0.25,1,1,1,2,1,0.5
Gastly,ghost;poison,1,0.1,30,35,30,100,35,80,0.25,2,1,1,0.5,0,1,1,2,0.5,0,1,0,0.25,2,1,1,1
Haunter,ghost;poison,1,0.1,45,50,45,115,55,95,0.25,2,1,1,0.5,0,1,1,2,0.5,0,1,0,0.25,2,1,1,1
Gengar,ghost;poison,0,40.5,60,65,60,130,75,110,0.25,2,1,1,0.5,0,1,1,2,0.5,2,1,0,0.25,2,1,1,1
Mega Gengar,ghost;poison,0,40.5,60,65,80,170,95,130,0.25,2,1,1,0.5,0,1,1,2,0.5,2,1,0,0.25,2,1,1,1
Onix,rock;ground,0,210,35,45,160,30,45,70,1,1,1,0,1,2,0.5,0.5,1,4,2,2,0.5,0.25,1,0.5,2,4
Drowzee,psychic;none,0,32.4,60,48,45,43,90,42,2,2,1,1,1,0.5,1,1,2,1,1,1,1,1,0.5,1,1,1
Hypno,psychic;none,0,75.6,85,73,70,73,115,67,2,2,1,1,1,0.5,1,1,2,1,1,1,1,1,0.5,1,1,1
Krabby,water;none,0,6.5,30,105,90,25,25,50,1,1,1,2,1,1,0.5,1,1,2,1,0.5,1,1,1,1,0.5,0.5
Kingler,water;none,0,60,55,130,115,50,50,75,1,1,1,2,1,1,0.5,1,1,2,1,0.5,1,1,1,1,0.5,0.5
Voltorb,electric;none,0,10.4,40,30,50,55,55,100,1,1,1,0.5,1,1,1,0.5,1,1,2,1,1,1,1,1,0.5,1
Electrode,electric;none,0,66.6,60,50,70,80,80,150,1,1,1,0.5,1,1,1,0.5,1,1,2,1,1,1,1,1,0.5,1
Exeggcute,grass;psychic,0,2.5,60,40,80,60,45,40,4,2,1,0.5,1,0.5,2,2,2,0.5,0.5,2,1,2,0.5,1,1,0.5
Exeggutor,grass;psychic,0,120,95,95,85,125,75,55,4,2,1,0.5,1,0.5,2,2,2,0.5,0.5,2,1,2,0.5,1,1,0.5
Alolan Exeggutor,grass;dragon,0,415.6,95,105,85,125,75,45,2,1,2,0.25,2,1,1,2,1,0.25,0.5,4,1,2,1,1,1,0.25
Cubone,ground;none,0,6.5,50,50,95,40,50,35,1,1,1,0,1,1,1,1,1,2,1,2,1,0.5,1,0.5,1,2
Marowak,ground;none,0,45,60,80,110,50,80,45,1,1,1,0,1,1,1,1,1,2,1,2,1,0.5,1,0.5,1,2
Alolan Marowak,fire;ghost,0,34,60,80,110,50,80,45,0.25,2,1,1,0.5,0,0.5,1,2,0.5,2,0.5,0,0.5,1,2,0.5,2
Hitmonlee,fighting;none,0,49.8,50,120,53,35,110,87,0.5,0.5,1,1,2,1,1,2,1,1,1,1,1,1,2,0.5,1,1
Hitmonchan,fighting;none,0,50.2,50,105,79,35,110,76,0.5,0.5,1,1,2,1,1,2,1,1,1,1,1,1,2,0.5,1,1
Lickitung,normal;none,0,65.5,90,55,75,60,75,30,1,1,1,1,1,2,1,1,0,1,1,1,1,1,1,1,1,1
Koffing,poison;none,1,1,40,65,95,60,45,35,0.5,1,1,1,0.5,0.5,1,1,1,0.5,0,1,1,0.5,2,1,1,1
Weezing,poison;none,1,9.5,65,90,120,85,70,60,0.5,1,1,1,0.5,0.5,1,1,1,0.5,0,1,1,0.5,2,1,1,1
Galarian Weezing,poison;fairy,1,16,65,90,120,85,70,60,0.25,0.5,0,1,0.5,0.25,1,1,1,0.5,0,1,1,1,2,1,2,1
Rhyhorn,ground;rock,0,115,80,85,95,30,30,25,1,1,1,0,1,2,0.5,0.5,1,4,2,2,0.5,0.25,1,0.5,2,4
Rhydon,ground;rock,0,120,105,130,120,45,45,40,1,1,1,0,1,2,0.5,0.5,1,4,2,2,0.5,0.25,1,0.5,2,4
Chansey,normal;none,0,34.6,250,5,5,35,105,50,1,1,1,1,1,2,1,1,0,1,1,1,1,1,1,1,1,1
Tangela,grass;none,0,35,65,55,115,100,40,60,2,1,1,0.5,1,1,2,2,1,0.5,0.5,2,1,2,1,1,1,0.5
Kangaskhan,normal;none,0,80,105,95,80,40,80,90,1,1,1,1,1,2,1,1,0,1,1,1,1,1,1,1,1,1
Mega Kangaskhan,normal;none,0,100,105,125,100,60,100,100,1,1,1,1,1,2,1,1,0,1,1,1,1,1,1,1,1,1
Horsea,water;none,0,8,30,40,70,70,25,60,1,1,1,2,1,1,0.5,1,1,2,1,0.5,1,1,1,1,0.5,0.5
Seadra,water;none,0,25,55,65,95,95,45,85,1,1,1,2,1,1,0.5,1,1,2,1,0.5,1,1,1,1,0.5,0.5
Goldeen,water;none,0,15,45,67,60,35,50,63,1,1,1,2,1,1,0.5,1,1,2,1,0.5,1,1,1,1,0.5,0.5
Seaking,water;none,0,39,80,92,65,65,80,68,1,1,1,2,1,1,0.5,1,1,2,1,0.5,1,1,1,1,0.5,0.5
Staryu,water;none,0,34.5,30,45,55,70,55,85,1,1,1,2,1,1,0.5,1,1,2,1,0.5,1,1,1,1,0.5,0.5
Starmie,water;psychic,0,80,60,75,85,100,85,115,2,2,1,2,1,0.5,0.5,1,2,2,1,0.5,1,1,0.5,1,0.5,0.5
Mr. Mime,psychic;fairy,0,54.5,40,45,65,100,120,90,1,1,0,1,1,0.25,1,1,2,1,1,1,1,2,0.5,1,2,1
Scyther,bug;flying,0,56,70,110,80,55,80,105,0.5,1,1,2,1,0.25,2,2,1,0.25,0,2,1,1,1,4,1,1
Jynx,ice;psychic,0,40.6,65,50,35,115,95,95,2,2,1,1,1,1,2,1,2,1,1,0.5,1,1,0.5,2,2,1
Electabuzz,electric;none,0,30,65,83,57,95,85,105,1,1,1,0.5,1,1,1,0.5,1,1,2,1,1,1,1,1,0.5,1
Magmar,fire;none,0,44.5,65,95,57,100,85,93,0.5,1,1,1,0.5,1,0.5,1,1,0.5,2,0.5,1,1,1,2,0.5,2
Pinsir,bug;none,0,55,65,125,100,55,70,85,1,1,1,1,1,0.5,2,2,1,0.5,0.5,1,1,1,1,2,1,1
Mega Pinsir,bug;flying,0,59,65,155,120,65,90,105,0.5,1,1,2,1,0.25,2,2,1,0.25,0,2,1,1,1,4,1,1
Tauros,normal;none,0,88.4,75,100,95,40,70,110,1,1,1,1,1,2,1,1,0,1,1,1,1,1,1,1,1,1
Magikarp,water;none,0,10,20,10,55,15,20,80,1,1,1,2,1,1,0.5,1,1,2,1,0.5,1,1,1,1,0.5,0.5
Gyarados,water;flying,0,235,95,125,79,60,100,81,0.5,1,1,4,1,0.5,0.5,1,1,1,0,1,1,1,1,2,0.5,0.5
Mega Gyarados,water;dark,0,305,95,155,109,70,130,81,2,0.5,1,2,2,2,0.5,1,0.5,2,1,0.5,1,1,0,1,0.5,0.5
Lapras,water;ice,0,220,130,85,80,85,95,60,1,1,1,2,1,2,1,1,1,2,1,0.25,1,1,1,2,1,0
Ditto,normal;none,0,4,48,48,48,48,48,48,1,1,1,1,1,2,1,1,0,1,1,1,1,1,1,1,1,1
Eevee,normal;none,0,6.5,55,55,50,45,65,55,1,1,1,1,1,2,1,1,0,1,1,1,1,1,1,1,1,1
Vaporeon,water;none,0,29,130,65,60,110,95,65,1,1,1,2,1,1,0.5,1,1,2,1,0.5,1,1,1,1,0.5,0
Jolteon,electric;none,0,24.5,65,65,60,110,95,130,1,1,1,0,1,1,1,0.5,1,1,2,1,1,1,1,1,0.5,1
Flareon,fire;none,0,25,65,130,60,95,110,65,0.5,1,1,1,0.5,1,0,1,1,0.5,2,0.5,1,1,1,2,0.5,2
Porygon,normal;none,0,36.5,65,60,70,85,75,40,1,1,1,1,1,2,1,1,0,1,1,1,1,1,1,1,1,1
Omanyte,rock;water,0,7.5,35,40,100,90,55,35,1,1,1,2,1,2,0.25,0.5,1,4,2,0.5,0.5,0.5,1,1,1,1
Omastar,rock;water,0,35,70,60,125,115,70,55,1,1,1,2,1,2,0.25,0.5,1,4,2,0.5,0.5,0.5,1,1,1,1
Kabuto,rock;water,0,11.5,30,80,90,55,45,55,1,1,1,2,1,2,0.25,0.5,1,4,2,0.5,0.5,0.5,1,1,1,1
Kabutops,rock;water,0,40.5,60,115,105,65,70,80,1,1,1,2,1,2,0.25,0.5,1,4,2,0.5,0.5,0.5,1,1,1,1
Aerodactyl,rock;flying,0,59,80,105,65,60,75,130,0.5,1,1,2,1,1,0.5,0.5,1,1,0,2,0.5,0.5,1,2,2,2
Mega Aerodactyl,rock;flying,0,79,80,135,85,70,95,150,0.5,1,1,2,1,1,0.5,0.5,1,1,0,2,0.5,0.5,1,2,2,2
Snorlax,normal;none,0,460,160,110,65,65,110,30,1,1,1,1,1,2,1,1,0,1,1,1,1,1,1,1,1,1
Articuno,ice;flying,0,55.4,90,85,100,95,125,85,0.5,1,1,2,1,1,2,1,1,0.5,0,1,1,1,1,4,2,1
Zapdos,electric;flying,0,52.6,90,90,85,125,90,100,0.5,1,1,1,1,0.5,1,0.5,1,0.5,0,2,1,1,1,2,0.5,1
Moltres,fire;flying,0,60,90,100,90,125,85,90,0.25,1,1,2,0.5,0.5,0.5,1,1,0.25,0,1,1,1,1,4,0.5,2
Dratini,dragon;none,0,3.3,41,64,45,50,50,50,1,1,2,0.5,2,1,0.5,1,1,0.5,1,2,1,1,1,1,1,0.5
Dragonair,dragon;none,0,16.5,61,84,65,70,70,70,1,1,2,0.5,2,1,0.5,1,1,0.5,1,2,1,1,1,1,1,0.5
Dragonite,dragon;flying,0,210,91,134,95,100,100,80,0.5,1,2,1,2,0.5,0.5,1,1,0.25,0,4,1,1,1,2,1,0.5
Mewtwo,psychic;none,0,122,106,110,90,154,90,130,2,2,1,1,1,0.5,1,1,2,1,1,1,1,1,0.5,1,1,1
Mega Mewtwo X,psychic;fighting,0,127,106,190,100,154,100,130,1,1,1,1,2,0.5,1,2,2,1,1,1,1,1,1,0.5,1,1
Mega Mewtwo Y,psychic;none,0,33,106,150,70,194,120,140,2,2,1,1,1,0.5,1,1,2,1,1,1,1,1,0.5,1,1,1
Mew,psychic;none,0,4,100,100,100,100,100,100,2,2,1,1,1,0.5,1,1,2,1,1,1,1,1,0.5,1,1,1
Chikorita,grass;none,0,6.4,45,49,65,49,65,45,2,1,1,0.5,1,1,2,2,1,0.5,0.5,2,1,2,1,1,1,0.5
Bayleef,grass;none,0,15.8,60,62,80,63,80,60,2,1,1,0.5,1,1,2,2,1,0.5,0.5,2,1,2,1,1,1,0.5
Meganium,grass;none,0,100.5,80,82,100,83,100,80,2,1,1,0.5,1,1,2,2,1,0.5,0.5,2,1,2,1,1,1,0.5
Cyndaquil,fire;none,0,7.9,39,52,43,60,50,65,0.5,1,1,1,0.5,1,0.5,1,1,0.5,2,0.5,1,1,1,2,0.5,2
Quilava,fire;none,0,19,58,64,58,80,65,80,0.5,1,1,1,0.5,1,0.5,1,1,0.5,2,0.5,1,1,1,2,0.5,2
Typhlosion,fire;none,0,79.5,78,84,78,109,85,100,0.5,1,1,1,0.5,1,0.5,1,1,0.5,2,0.5,1,1,1,2,0.5,2
Totodile,water;none,0,9.5,50,65,64,44,48,43,1,1,1,2,1,1,0.5,1,1,2,1,0.5,1,1,1,1,0.5,0.5
Croconaw,water;none,0,25,65,80,80,59,63,58,1,1,1,2,1,1,0.5,1,1,2,1,0.5,1,1,1,1,0.5,0.5
Feraligatr,water;none,0,88.8,85,105,100,79,83,78,1,1,1,2,1,1,0.5,1,1,2,1,0.5,1,1,1,1,0.5,0.5
Sentret,normal;none,0,6,35,46,34,35,45,20,1,1,1,1,1,2,1,1,0,1,1,1,1,1,1,1,1,1
Furret,normal;none,0,32.5,85,76,64,45,55,90,1,1,1,1,1,2,1,1,0,1,1,1,1,1,1,1,1,1
Hoothoot,normal;flying,0,21.2,60,30,30,36,56,50,0.5,1,1,2,1,1,1,1,0,0.5,0,2,1,1,1,2,1,1
Noctowl,normal;flying,0,40.8,100,50,50,86,96,70,0.5,1,1,2,1,1,1,1,0,0.5,0,2,1,1,1,2,1,1
Ledyba,bug;flying,0,10.8,40,20,30,40,80,55,0.5,1,1,2,1,0.25,2,2,1,0.25,0,2,1,1,1,4,1,1
Ledian,bug;flying,0,35.6,55,35,50,55,110,85,0.5,1,1,2,1,0.25,2,2,1,0.25,0,2,1,1,1,4,1,1
Spinarak,bug;poison,0,8.5,40,60,40,40,40,30,0.5,1,1,1,0.5,0.25,2,2,1,0.25,1,1,1,0.5,2,2,1,1
Ariados,bug;poison,0,33.5,70,90,70,60,70,40,0.5,1,1,1,0.5,0.25,2,2,1,0.25,1,1,1,0.5,2,2,1,1
Crobat,poison;flying,0,75,85,90,80,70,80,130,0.25,1,1,2,0.5,0.25,1,1,1,0.25,0,2,1,0.5,2,2,1,1
Chinchou,water;electric,0,12,75,38,38,56,56,67,1,1,1,0,1,1,0.5,0.5,1,2,2,0.5,1,1,1,1,0.25,0.5
Lanturn,water;electric,0,22.5,125,58,58,76,76,67,1,1,1,0,1,1,0.5,0.5,1,2,2,0.5,1,1,1,1,0.25,0.5
Pichu,electric;none,0,2,20,40,15,35,35,60,1,1,1,0.5,1,1,1,0.5,1,1,2,1,1,1,1,1,0.5,1
Cleffa,fairy;none,0,3,50,25,28,45,55,15,0.5,0.5,0,1,1,0.5,1,1,1,1,1,1,1,2,1,1,2,1
Igglybuff,normal;fairy,0,1,90,30,15,40,20,15,0.5,0.5,0,1,1,1,1,1,0,1,1,1,1,2,1,1,2,1
Togepi,fairy;none,0,1.5,35,20,65,40,65,20,0.5,0.5,0,1,1,0.5,1,1,1,1,1,1,1,2,1,1,2,1
Togetic,fairy;flying,0,3.2,55,40,85,80,105,40,0.25,0.5,0,2,1,0.25,1,1,1,0.5,0,2,1,2,1,2,2,1
Natu,psychic;flying,0,2,40,50,45,70,45,70,1,2,1,2,1,0.25,1,1,2,0.5,0,2,1,1,0.5,2,1,1
Xatu,psychic;flying,0,15,65,75,70,95,70,95,1,2,1,2,1,0.25,1,1,2,0.5,0,2,1,1,0.5,2,1,1
Mareep,electric;none,0,7.8,55,40,40,65,45,35,1,1,1,0.5,1,1,1,0.5,1,1,2,1,1,1,1,1,0.5,1
Flaaffy,electric;none,0,13.3,70,55,55,80,60,45,1,1,1,0.5,1,1,1,0.5,1,1,2,1,1,1,1,1,0.5,1
Ampharos,electric;none,0,61.5,90,75,85,115,90,55,1,1,1,0.5,1,1,1,0.5,1,1,2,1,1,1,1,1,0.5,1
Mega Ampharos,electric;dragon,0,61.5,90,95,105,165,110,45,1,1,2,0.25,2,1,0.5,0.5,1,0.5,2,2,1,1,1,1,0.5,0.5
Bellossom,grass;none,0,5.8,75,80,95,90,100,50,2,1,1,0.5,1,1,2,2,1,0.5,0.5,2,1,2,1,1,1,0.5
Marill,water;fairy,0,8.5,70,20,50,20,50,40,0.5,0.5,0,2,1,0.5,0.25,1,1,2,1,0.25,1,2,1,1,1,0.5
Azumarill,water;fairy,0,28.5,100,50,80,60,80,50,0.5,0.5,0,2,1,0.5,0.25,1,1,2,1,0.25,1,2,1,1,1,0.5
Sudowoodo,rock;none,0,38,70,100,115,30,65,30,1,1,1,1,1,2,0.5,0.5,1,2,2,1,0.5,0.5,1,1,2,2
Politoed,water;none,0,33.9,90,75,75,90,100,70,1,1,1,2,1,1,0.5,1,1,2,1,0.5,1,1,1,1,0.5,0
Hoppip,grass;flying,0,0.5,35,35,40,35,55,50,1,1,1,1,1,0.5,2,2,1,0.25,0,4,1,2,1,2,1,0.5
Skiploom,grass;flying,0,1,55,45,50,45,65,80,1,1,1,1,1,0.5,2,2,1,0.25,0,4,1,2,1,2,1,0.5
Jumpluff,grass;flying,0,3,75,55,70,55,95,110,1,1,1,1,1,0.5,2,2,1,0.25,0,4,1,2,1,2,1,0.5
Aipom,normal;none,0,11.5,55,70,55,40,55,85,1,1,1,1,1,2,1,1,0,1,1,1,1,1,1,1,1,1
Sunkern,grass;none,0,1.8,30,30,30,30,30,30,2,1,1,0.5,1,1,2,2,1,0.5,0.5,2,1,2,1,1,1,0.5
Sunflora,grass;none,0,8.5,75,75,55,105,85,30,2,1,1,0.5,1,1,2,2,1,0.5,0.5,2,1,2,1,1,1,0.5
Yanma,bug;flying,0,38,65,65,45,75,45,95,0.5,1,1,2,1,0.25,2,2,1,0.25,0,2,1,1,1,4,1,1
Wooper,water;ground,0,8.5,55,45,45,25,25,15,1,1,1,0,1,1,0.5,1,1,4,1,1,1,0.5,1,0.5,0.5,1
Quagsire,water;ground,0,75,95,85,85,65,65,35,1,1,1,0,1,1,0.5,1,1,4,1,1,1,0.5,1,0.5,0.5,1
Espeon,psychic;none,0,26.5,65,65,60,130,95,110,2,2,1,1,1,0.5,1,1,2,1,1,1,1,1,0.5,1,1,1
Umbreon,dark;none,0,27,95,65,110,60,130,65,2,0.5,1,1,2,2,1,1,0.5,1,1,1,1,1,0,1,1,1
Murkrow,dark;flying,0,2.1,60,85,42,85,42,91,1,0.5,1,2,2,1,1,1,0.5,0.5,0,2,1,1,0,2,1,1
Slowking,water;psychic,0,79.5,95,75,80,100,110,30,2,2,1,2,1,0.5,0.5,1,2,2,1,0.5,1,1,0.5,1,0.5,0.5
Misdreavus,ghost;none,1,1,60,60,60,85,85,85,0.5,2,1,1,1,0,1,1,2,1,0,1,0,0.5,1,1,1,1
Unown,psychic;none,1,5,48,72,48,72,48,48,2,2,1,1,1,0.5,1,1,2,1,0,1,1,1,0.5,1,1,1
Wobbuffet,psychic;none,0,28.5,190,33,58,33,58,33,2,2,1,1,1,0.5,1,1,2,1,1,1,1,1,0.5,1,1,1
Girafarig,normal;psychic,0,41.5,70,80,65,90,65,85,2,2,1,1,1,1,1,1,0,1,1,1,1,1,0.5,1,1,1
Pineco,bug;none,0,7.2,50,65,90,35,35,15,1,1,1,1,1,0.5,2,2,1,0.5,0.5,1,1,1,1,2,1,1
Forretress,bug;steel,0,125.8,75,90,140,60,60,40,0.5,1,0.5,1,0.5,1,4,1,1,0.25,1,0.5,0.5,0,0.5,1,0.5,1
Dunsparce,normal;none,0,14,100,70,70,65,65,45,1,1,1,1,1,2,1,1,0,1,1,1,1,1,1,1,1,1
Gligar,ground;flying,0,64.8,65,75,105,35,65,85,0.5,1,1,0,1,0.5,1,1,1,1,0,4,1,0.5,1,1,1,2
Steelix,steel;ground,0,400,75,85,200,55,65,30,0.5,1,0.5,0,0.5,2,2,0.5,1,1,2,1,0.5,0,0.5,0.25,0.5,2
Mega Steelix,steel;ground,0,740,75,125,230,55,95,30,0.5,1,0.5,0,0.5,2,2,0.5,1,1,2,1,0.5,0,0.5,0.25,0.5,2
Snubbull,fairy;none,0,7.8,60,80,50,40,40,30,0.5,0.5,0,1,1,0.5,1,1,1,1,1,1,1,2,1,1,2,1
Granbull,fairy;none,0,48.7,90,120,75,60,60,45,0.5,0.5,0,1,1,0.5,1,1,1,1,1,1,1,2,1,1,2,1
Qwilfish,water;poison,0,3.9,65,95,85,55,55,85,0.5,1,1,2,0.5,0.5,0.5,1,1,1,2,0.5,1,0.5,2,1,0.5,0.5
Scizor,bug;steel,0,118,70,130,100,55,80,65,0.5,1,0.5,1,0.5,1,4,1,1,0.25,1,0.5,0.5,0,0.5,1,0.5,1
Mega Scizor,bug;steel,0,125,70,150,140,65,100,75,0.5,1,0.5,1,0.5,1,4,1,1,0.25,1,0.5,0.5,0,0.5,1,0.5,1
Shuckle,bug;rock,0,20.5,20,10,230,10,230,5,1,1,1,1,1,1,1,1,1,1,1,1,0.5,0.5,1,2,2,2
Heracross,bug;fighting,0,54,80,125,75,40,95,85,0.5,0.5,1,1,2,0.5,2,4,1,0.5,0.5,1,1,1,2,1,1,1
Mega Heracross,bug;fighting,0,62.5,80,185,115,40,105,75,0.5,0.5,1,1,2,0.5,2,4,1,0.5,0.5,1,1,1,2,1,1,1
Sneasel,dark;ice,0,28,55,95,55,35,75,115,2,0.5,1,1,2,4,2,1,0.5,1,1,0.5,1,1,0,2,2,1
Teddiursa,normal;none,0,8.8,60,80,50,50,50,40,1,1,1,1,1,2,1,1,0,1,1,1,1,1,1,1,1,1
Ursaring,normal;none,0,125.8,90,130,75,75,75,55,1,1,1,1,1,2,1,1,0,1,1,1,1,1,1,1,1,1
Slugma,fire;none,0,35,40,40,40,70,40,20,0.5,1,1,1,0.5,1,0.5,1,1,0.5,2,0.5,1,1,1,2,0.5,2
Magcargo,fire;rock,0,55,60,50,120,90,80,30,0.5,1,1,1,0.5,2,0.25,0.5,1,1,4,0.5,0.5,0.5,1,2,1,4
Swinub,ice;ground,0,6.5,50,50,40,30,30,50,1,1,1,0,1,2,2,1,1,2,1,1,1,0.5,1,1,2,2
Piloswine,ice;ground,0,55.8,100,100,80,60,60,50,1,1,1,0,1,2,2,1,1,2,1,1,1,0.5,1,1,2,2
Corsola,water;rock,0,5,65,55,95,65,95,35,1,1,1,2,1,2,0.25,0.5,1,4,2,0.5,0.5,0.5,1,1,1,1
Galarian Corsola,ghost;none,0,0.5,60,55,100,65,100,30,0.5,2,1,1,1,0,1,1,2,1,1,1,0,0.5,1,1,1,1
Remoraid,water;none,0,12,35,65,35,65,35,65,1,1,1,2,1,1,0.5,1,1,2,1,0.5,1,1,1,1,0.5,0.5
Octillery,water;none,0,28.5,75,105,75,105,75,45,1,1,1,2,1,1,0.5,1,1,2,1,0.5,1,1,1,1,0.5,0.5
Delibird,ice;flying,0,16,45,55,45,65,45,75,0.5,1,1,2,1,1,2,1,1,0.5,0,1,1,1,1,4,2,1
Mantine,water;flying,0,220,85,40,70,80,140,70,0.5,1,1,4,1,0.5,0.5,1,1,1,0,1,1,1,1,2,0.5,0.5
Skarmory,steel;flying,0,50.5,65,80,140,40,70,70,0.25,1,0.5,2,0.5,1,2,0.5,1,0.25,0,1,0.5,0,0.5,1,0.5,1
Houndour,dark;fire,0,10.8,45,60,30,80,50,65,1,0.5,1,1,1,2,0.5,1,0.5,0.5,2,0.5,1,1,0,2,0.5,2
Houndoom,dark;fire,0,35,75,90,50,110,80,95,1,0.5,1,1,1,2,0.5,1,0.5,0.5,2,0.5,1,1,0,2,0.5,2
Mega Houndoom,dark;fire,0,49.5,75,90,90,140,90,115,1,0.5,1,1,1,2,0.5,1,0.5,0.5,2,0.5,1,1,0,2,0.5,2
Kingdra,water;dragon,0,152,75,95,95,95,95,85,1,1,2,1,2,1,0.25,1,1,1,1,1,1,1,1,1,0.5,0.25
Phanpy,ground;none,0,33.5,90,60,60,40,40,40,1,1,1,0,1,1,1,1,1,2,1,2,1,0.5,1,0.5,1,2
Donphan,ground;none,0,120,90,120,120,60,60,50,1,1,1,0,1,1,1,1,1,2,1,2,1,0.5,1,0.5,1,2
Porygon2,normal;none,0,32.5,85,80,90,105,95,60,1,1,1,1,1,2,1,1,0,1,1,1,1,1,1,1,1,1
Stantler,normal;none,0,71.2,73,95,62,85,65,85,1,1,1,1,1,2,1,1,0,1,1,1,1,1,1,1,1,1
Smeargle,normal;none,0,58,55,20,35,20,45,75,1,1,1,1,1,2,1,1,0,1,1,1,1,1,1,1,1,1
Tyrogue,fighting;none,0,21,35,35,35,35,35,35,0.5,0.5,1,1,2,1,1,2,1,1,1,1,1,1,2,0.5,1,1
Hitmontop,fighting;none,0,48,50,95,95,35,110,70,0.5,0.5,1,1,2,1,1,2,1,1,1,1,1,1,2,0.5,1,1
Smoochum,ice;psychic,0,6,45,30,15,85,65,65,2,2,1,1,1,1,2,1,2,1,1,0.5,1,1,0.5,2,2,1
Elekid,electric;none,0,23.5,45,63,37,65,55,95,1,1,1,0.5,1,1,1,0.5,1,1,2,1,1,1,1,1,0.5,1
Magby,fire;none,0,21.4,45,75,37,70,55,83,0.5,1,1,1,0.5,1,0.5,1,1,0.5,2,0.5,1,1,1,2,0.5,2
Miltank,normal;none,0,75.5,95,80,105,40,70,100,1,1,1,1,1,2,0.5,1,0,1,1,0.5,1,1,1,1,1,1
Blissey,normal;none,0,46.8,255,10,10,75,135,55,1,1,1,1,1,2,1,1,0,1,1,1,1,1,1,1,1,1
Raikou,electric;none,0,178,90,85,75,115,100,115,1,1,1,0.5,1,1,1,0.5,1,1,2,1,1,1,1,1,0.5,1
Entei,fire;none,0,198,115,115,85,90,75,100,0.5,1,1,1,0.5,1,0.5,1,1,0.5,2,0.5,1,1,1,2,0.5,2
Suicune,water;none,0,187,100,75,115,90,115,85,1,1,1,2,1,1,0.5,1,1,2,1,0.5,1,1,1,1,0.5,0.5
Larvitar,rock;ground,0,72,50,64,50,45,50,41,1,1,1,0,1,2,0.5,0.5,1,4,2,2,0.5,0.25,1,0.5,2,4
Pupitar,rock;ground,0,152,70,84,70,65,70,51,1,1,1,0,1,2,0.5,0.5,1,4,2,2,0.5,0.25,1,0.5,2,4
Tyranitar,rock;dark,0,202,100,134,110,95,100,61,2,0.5,1,1,2,4,0.5,0.5,0.5,2,2,1,0.5,0.5,0,1,2,2
Mega Tyranitar,rock;dark,0,255,100,164,150,95,120,71,2,0.5,1,1,2,4,0.5,0.5,0.5,2,2,1,0.5,0.5,0,1,2,2
Lugia,psychic;flying,0,216,106,90,130,90,154,110,1,2,1,2,1,0.25,1,1,2,0.5,0,2,1,1,0.5,2,1,1
Ho-oh,fire;flying,0,199,106,130,90,110,154,90,0.25,1,1,2,0.5,0.5,0.5,1,1,0.25,0,1,1,1,1,4,0.5,2
Celebi,psychic;grass,0,5,100,100,100,100,100,100,4,2,1,0.5,1,0.5,2,2,2,0.5,0.5,2,1,2,0.5,1,1,0.5
Treecko,grass;none,0,5,40,45,35,65,55,70,2,1,1,0.5,1,1,2,2,1,0.5,0.5,2,1,2,1,1,1,0.5
Grovyle,grass;none,0,21.6,50,65,45,85,65,95,2,1,1,0.5,1,1,2,2,1,0.5,0.5,2,1,2,1,1,1,0.5
Sceptile,grass;none,0,52.2,70,85,65,105,85,120,2,1,1,0.5,1,1,2,2,1,0.5,0.5,2,1,2,1,1,1,0.5
Mega Sceptile,grass;dragon,0,55.2,70,110,75,145,85,145,2,1,2,0,2,1,1,2,1,0.25,0.5,4,1,2,1,1,1,0.25
Torchic,fire;none,0,2.5,45,60,40,70,50,45,0.5,1,1,1,0.5,1,0.5,1,1,0.5,2,0.5,1,1,1,2,0.5,2
Combusken,fire;fighting,0,19.5,60,85,60,85,60,55,0.25,0.5,1,1,1,1,0.5,2,1,0.5,2,0.5,1,1,2,1,0.5,2
Blaziken,fire;fighting,0,52,80,120,70,110,70,80,0.25,0.5,1,1,1,1,0.5,2,1,0.5,2,0.5,1,1,2,1,0.5,2
Mega Blaziken,fire;fighting,0,52,80,160,80,130,80,100,0.25,0.5,1,1,1,1,0.5,2,1,0.5,2,0.5,1,1,2,1,0.5,2
Mudkip,water;none,0,7.6,50,70,50,50,50,40,1,1,1,2,1,1,0.5,1,1,2,1,0.5,1,1,1,1,0.5,0.5
Marshtomp,water;ground,0,28,70,85,70,60,70,50,1,1,1,0,1,1,0.5,1,1,4,1,1,1,0.5,1,0.5,0.5,1
Swampert,water;ground,0,81.9,100,110,90,85,90,60,1,1,1,0,1,1,0.5,1,1,4,1,1,1,0.5,1,0.5,0.5,1
Mega Swampert,water;ground,0,102,100,150,110,95,110,70,1,1,1,0,1,1,0.5,1,1,4,1,1,1,0.5,1,0.5,0.5,1
Poochyena,dark;none,0,13.6,35,55,35,30,30,35,2,0.5,1,1,2,2,1,1,0.5,1,1,1,1,1,0,1,1,1
Mightyena,dark;none,0,37,70,90,70,60,60,70,2,0.5,1,1,2,2,1,1,0.5,1,1,1,1,1,0,1,1,1
Zigzagoon,normal;none,0,17.5,38,30,41,30,41,60,1,1,1,1,1,2,1,1,0,1,1,1,1,1,1,1,1,1
Galarian Zigzagoon,dark;normal,0,17.5,38,30,41,30,41,60,2,0.5,1,1,2,4,1,1,0,1,1,1,1,1,0,1,1,1
Linoone,normal;none,0,32.5,78,70,61,50,61,100,1,1,1,1,1,2,1,1,0,1,1,1,1,1,1,1,1,1
Galarian Linoone,dark;normal,0,32.5,78,70,61,50,61,100,2,0.5,1,1,2,4,1,1,0,1,1,1,1,1,0,1,1,1
Wurmple,bug;none,0,3.6,45,45,35,20,30,20,1,1,1,1,1,0.5,2,2,1,0.5,0.5,1,1,1,1,2,1,1
Silcoon,bug;none,0,10,50,35,55,25,25,15,1,1,1,1,1,0.5,2,2,1,0.5,0.5,1,1,1,1,2,1,1
Beautifly,bug;flying,0,28.4,60,70,50,100,50,65,0.5,1,1,2,1,0.25,2,2,1,0.25,0,2,1,1,1,4,1,1
Cascoon,bug;none,0,11.5,50,35,55,25,25,15,1,1,1,1,1,0.5,2,2,1,0.5,0.5,1,1,1,1,2,1,1
Dustox,bug;poison,0,31.6,60,50,70,50,90,65,0.5,1,1,1,0.5,0.25,2,2,1,0.25,1,1,1,0.5,2,2,1,1
Lotad,water;grass,0,2.6,40,30,30,40,50,30,2,1,1,1,1,1,1,2,1,1,0.5,1,1,2,1,1,0.5,0.25
Lombre,water;grass,0,32.5,60,50,50,60,70,50,2,1,1,1,1,1,1,2,1,1,0.5,1,1,2,1,1,0.5,0.25
Ludicolo,water;grass,0,55,80,70,70,90,100,70,2,1,1,1,1,1,1,2,1,1,0.5,1,1,2,1,1,0.5,0.25
Seedot,grass;none,0,4,40,40,50,30,30,30,2,1,1,0.5,1,1,2,2,1,0.5,0.5,2,1,2,1,1,1,0.5
Nuzleaf,grass;dark,0,28,70,70,40,60,40,60,4,0.5,1,0.5,2,2,2,2,0.5,0.5,0.5,2,1,2,0,1,1,0.5
Shiftry,grass;dark,0,59.6,90,100,60,90,60,80,4,0.5,1,0.5,2,2,2,2,0.5,0.5,0.5,2,1,2,0,1,1,0.5
Taillow,normal;flying,0,2.3,40,55,30,30,30,85,0.5,1,1,2,1,1,1,1,0,0.5,0,2,1,1,1,2,1,1
Swellow,normal;flying,0,19.8,60,85,60,75,50,125,0.5,1,1,2,1,1,1,1,0,0.5,0,2,1,1,1,2,1,1
Wingull,water;flying,0,9.5,40,30,30,55,30,85,0.5,1,1,4,1,0.5,0.5,1,1,1,0,1,1,1,1,2,0.5,0.5
Pelipper,water;flying,0,28,60,50,100,95,70,65,0.5,1,1,4,1,0.5,0.5,1,1,1,0,1,1,1,1,2,0.5,0.5
Ralts,psychic;fairy,0,6.6,28,25,25,45,35,40,1,1,0,1,1,0.25,1,1,2,1,1,1,1,2,0.5,1,2,1
Kirlia,psychic;fairy,0,20.2,38,35,35,65,55,50,1,1,0,1,1,0.25,1,1,2,1,1,1,1,2,0.5,1,2,1
Gardevoir,psychic;fairy,0,48.4,68,65,65,125,115,80,1,1,0,1,1,0.25,1,1,2,1,1,1,1,2,0.5,1,2,1
Mega Gardevoir,psychic;fairy,0,48.4,68,85,65,165,135,100,1,1,0,1,1,0.25,1,1,2,1,1,1,1,2,0.5,1,2,1
Surskit,bug;water,0,1.7,40,30,32,50,52,65,1,1,1,2,1,0.5,1,2,1,1,0.5,0.5,1,1,1,2,0.5,0.5
Masquerain,bug;flying,0,3.6,70,60,62,100,82,80,0.5,1,1,2,1,0.25,2,2,1,0.25,0,2,1,1,1,4,1,1
Shroomish,grass;none,0,4.5,60,40,60,40,60,35,2,1,1,0.5,1,1,2,2,1,0.5,0.5,2,1,2,1,1,1,0.5
Breloom,grass;fighting,0,39.2,60,130,80,60,60,70,1,0.5,1,0.5,2,1,2,4,1,0.5,0.5,2,1,2,2,0.5,1,0.5
Slakoth,normal;none,0,24,60,60,60,35,35,30,1,1,1,1,1,2,1,1,0,1,1,1,1,1,1,1,1,1
Vigoroth,normal;none,0,46.5,80,80,80,55,55,90,1,1,1,1,1,2,1,1,0,1,1,1,1,1,1,1,1,1
Slaking,normal;none,0,130.5,150,160,100,95,65,100,1,1,1,1,1,2,1,1,0,1,1,1,1,1,1,1,1,1
Nincada,bug;ground,0,5.5,31,45,90,30,30,40,1,1,1,0,1,0.5,2,2,1,1,0.5,2,1,0.5,1,1,1,2
Ninjask,bug;flying,0,12,61,90,45,50,50,160,0.5,1,1,2,1,0.25,2,2,1,0.25,0,2,1,1,1,4,1,1
Shedinja,bug;ghost,0,1.2,1,90,45,30,30,40,0,2,0,0,0,0,2,2,2,0,0,0,0,0,0,2,0,0
Whismur,normal;none,0,16.3,64,51,23,51,23,28,1,1,1,1,1,2,1,1,0,1,1,1,1,1,1,1,1,1
Loudred,normal;none,0,40.5,84,71,43,71,43,48,1,1,1,1,1,2,1,1,0,1,1,1,1,1,1,1,1,1
Exploud,normal;none,0,84,104,91,63,91,73,68,1,1,1,1,1,2,1,1,0,1,1,1,1,1,1,1,1,1
Makuhita,fighting;none,0,86.4,72,60,30,20,30,25,0.5,0.5,1,1,2,1,0.5,2,1,1,1,0.5,1,1,2,0.5,1,1
Hariyama,fighting;none,0,253.8,144,120,60,40,60,50,0.5,0.5,1,1,2,1,0.5,2,1,1,1,0.5,1,1,2,0.5,1,1
Azurill,normal;fairy,0,2,50,20,40,20,40,20,0.5,0.5,0,1,1,1,0.5,1,0,1,1,0.5,1,2,1,1,2,1
Nosepass,rock;none,0,97,30,45,135,45,90,30,1,1,1,1,1,2,0.5,0.5,1,2,2,1,0.5,0.5,1,1,2,2
Skitty,normal;none,0,11,50,45,45,35,35,50,1,1,1,1,1,2,1,1,0,1,1,1,1,1,1,1,1,1
Delcatty,normal;none,0,32.6,70,65,65,55,55,90,1,1,1,1,1,2,1,1,0,1,1,1,1,1,1,1,1,1
Sableye,dark;ghost,0,11,50,75,75,65,65,50,1,1,1,1,2,0,1,1,1,1,1,1,0,0.5,0,1,1,1
Mega Sableye,dark;ghost,0,161,50,85,125,85,115,20,1,1,1,1,2,0,1,1,1,1,1,1,0,0.5,0,1,1,1
Mawile,steel;fairy,0,11.5,50,85,85,55,55,50,0.25,0.5,0,1,0.5,1,2,0.5,1,0.5,2,0.5,0.5,0,0.5,0.5,1,1
Mega Mawile,steel;fairy,0,23.5,50,105,125,55,95,50,0.25,0.5,0,1,0.5,1,2,0.5,1,0.5,2,0.5,0.5,0,0.5,0.5,1,1
Aron,steel;rock,0,60,50,70,100,40,40,30,0.5,1,0.5,1,0.5,4,1,0.25,1,1,4,0.5,0.25,0,0.5,0.5,1,2
Lairon,steel;rock,0,120,60,90,140,50,50,40,0.5,1,0.5,1,0.5,4,1,0.25,1,1,4,0.5,0.25,0,0.5,0.5,1,2
Aggron,steel;rock,0,360,70,110,180,60,60,50,0.5,1,0.5,1,0.5,4,1,0.25,1,1,4,0.5,0.25,0,0.5,0.5,1,2
Mega Aggron,steel;none,0,395,70,140,230,60,80,50,0.5,1,0.5,1,0.5,1.5,1.5,0.5,1,0.5,1.5,0.5,0.5,0,0.5,0.5,0.5,1
Meditite,fighting;psychic,0,11.2,30,40,55,40,55,60,1,1,1,1,2,0.5,1,2,2,1,1,1,1,1,1,0.5,1,1
Medicham,fighting;psychic,0,31.5,60,60,75,60,75,80,1,1,1,1,2,0.5,1,2,2,1,1,1,1,1,1,0.5,1,1
Mega Medicham,fighting;psychic,0,31.5,60,100,85,80,85,100,1,1,1,1,2,0.5,1,2,2,1,1,1,1,1,1,0.5,1,1
Electrike,electric;none,0,15.2,40,45,40,65,40,65,1,1,1,0.5,1,1,1,0.5,1,1,2,1,1,1,1,1,0.5,1
Manectric,electric;none,0,40.2,70,75,60,105,60,105,1,1,1,0.5,1,1,1,0.5,1,1,2,1,1,1,1,1,0.5,1
Mega Manectric,electric;none,0,44,70,75,80,135,80,135,1,1,1,0.5,1,1,1,0.5,1,1,2,1,1,1,1,1,0.5,1
Plusle,electric;none,0,4.2,60,50,40,85,75,95,1,1,1,0.5,1,1,1,0.5,1,1,2,1,1,1,1,1,0.5,1
Minun,electric;none,0,4.2,60,40,50,75,85,95,1,1,1,0.5,1,1,1,0.5,1,1,2,1,1,1,1,1,0.5,1
Volbeat,bug;none,0,17.7,65,73,75,47,85,85,1,1,1,1,1,0.5,2,2,1,0.5,0.5,1,1,1,1,2,1,1
Illumise,bug;none,0,17.7,65,47,75,73,85,85,1,1,1,1,1,0.5,2,2,1,0.5,0.5,1,1,1,1,2,1,1
Roselia,grass;poison,0,2,50,60,45,100,80,65,1,1,1,0.5,0.5,0.5,2,2,1,0.25,1,2,1,1,2,1,1,0.5
Gulpin,poison;none,0,10.3,70,43,53,43,53,40,0.5,1,1,1,0.5,0.5,1,1,1,0.5,2,1,1,0.5,2,1,1,1
Swalot,poison;none,0,80,100,73,83,73,83,55,0.5,1,1,1,0.5,0.5,1,1,1,0.5,2,1,1,0.5,2,1,1,1
Carvanha,water;dark,0,20.8,45,90,20,65,20,65,2,0.5,1,2,2,2,0.5,1,0.5,2,1,0.5,1,1,0,1,0.5,0.5
Sharpedo,water;dark,0,88.8,70,120,40,95,40,95,2,0.5,1,2,2,2,0.5,1,0.5,2,1,0.5,1,1,0,1,0.5,0.5
Mega Sharpedo,water;dark,0,130.3,70,140,70,110,65,105,2,0.5,1,2,2,2,0.5,1,0.5,2,1,0.5,1,1,0,1,0.5,0.5
Wailmer,water;none,0,130,130,70,35,70,35,60,1,1,1,2,1,1,0.5,1,1,2,1,0.5,1,1,1,1,0.5,0.5
Wailord,water;none,0,398,170,90,45,90,45,60,1,1,1,2,1,1,0.5,1,1,2,1,0.5,1,1,1,1,0.5,0.5
Numel,fire;ground,0,24,60,60,40,65,45,35,0.5,1,1,0,0.5,1,0.5,1,1,1,2,1,1,0.5,1,1,0.5,4
Camerupt,fire;ground,0,220,70,100,70,105,75,40,0.5,1,1,0,0.5,1,0.5,1,1,1,2,1,1,0.5,1,1,0.5,4
Mega Camerupt,fire;ground,0,320.5,70,120,100,145,105,20,0.5,1,1,0,0.5,1,0.5,1,1,1,2,1,1,0.5,1,1,0.5,4
Torkoal,fire;none,0,80.4,70,85,140,85,70,20,0.5,1,1,1,0.5,1,0.5,1,1,0.5,2,0.5,1,1,1,2,0.5,2
Spoink,psychic;none,0,30.6,60,25,35,70,80,60,2,2,1,1,1,0.5,0.5,1,2,1,1,0.5,1,1,0.5,1,1,1
Grumpig,psychic;none,0,71.5,80,45,65,90,110,80,2,2,1,1,1,0.5,0.5,1,2,1,1,0.5,1,1,0.5,1,1,1
Spinda,normal;none,0,5,60,60,60,60,60,60,1,1,1,1,1,2,1,1,0,1,1,1,1,1,1,1,1,1
Trapinch,ground;none,0,15,45,100,45,45,45,10,1,1,1,0,1,1,1,1,1,2,1,2,1,0.5,1,0.5,1,2
Vibrava,ground;dragon,1,15.3,50,70,50,50,50,70,1,1,2,0,2,1,0.5,1,1,1,0,4,1,0.5,1,0.5,1,1
Flygon,ground;dragon,1,82,80,100,80,80,80,100,1,1,2,0,2,1,0.5,1,1,1,0,4,1,0.5,1,0.5,1,1
Cacnea,grass;none,0,51.3,50,85,40,85,40,35,2,1,1,0.5,1,1,2,2,1,0.5,0.5,2,1,2,1,1,1,0.5
Cacturne,grass;dark,0,77.4,70,115,60,115,60,55,4,0.5,1,0.5,2,2,2,2,0.5,0.5,0.5,2,1,2,0,1,1,0.5
Swablu,normal;flying,0,1.2,45,40,60,40,75,50,0.5,1,1,2,1,1,1,1,0,0.5,0,2,1,1,1,2,1,1
Altaria,dragon;flying,0,20.6,75,70,90,70,105,80,0.5,1,2,1,2,0.5,0.5,1,1,0.25,0,4,1,1,1,2,1,0.5
Mega Altaria,dragon;fairy,0,20.6,75,110,110,110,105,80,0.5,0.5,0,0.5,2,0.5,0.5,1,1,0.5,1,2,1,2,1,1,2,0.5
Zangoose,normal;none,0,40.3,73,115,60,60,60,90,1,1,1,1,1,2,1,1,0,1,1,1,1,1,1,1,1,1
Seviper,poison;none,0,52.5,73,100,60,100,60,65,0.5,1,1,1,0.5,0.5,1,1,1,0.5,2,1,1,0.5,2,1,1,1
Lunatone,rock;psychic,1,168,90,55,65,95,85,70,2,2,1,1,1,1,0.5,0.5,2,2,0,1,0.5,0.5,0.5,1,2,2
Solrock,rock;psychic,1,154,90,95,85,55,65,70,2,2,1,1,1,1,0.5,0.5,2,2,0,1,0.5,0.5,0.5,1,2,2
Barboach,water;ground,0,1.9,50,48,43,46,41,60,1,1,1,0,1,1,0.5,1,1,4,1,1,1,0.5,1,0.5,0.5,1
Whiscash,water;ground,0,23.6,110,78,73,76,71,60,1,1,1,0,1,1,0.5,1,1,4,1,1,1,0.5,1,0.5,0.5,1
Corphish,water;none,0,11.5,43,80,65,50,35,35,1,1,1,2,1,1,0.5,1,1,2,1,0.5,1,1,1,1,0.5,0.5
Crawdaunt,water;dark,0,32.8,63,120,85,90,55,55,2,0.5,1,2,2,2,0.5,1,0.5,2,1,0.5,1,1,0,1,0.5,0.5
Baltoy,ground;psychic,1,21.5,40,40,55,40,70,55,2,2,1,0,1,0.5,1,1,2,2,0,2,1,0.5,0.5,0.5,1,2
Claydol,ground;psychic,1,108,60,70,105,70,120,75,2,2,1,0,1,0.5,1,1,2,2,0,2,1,0.5,0.5,0.5,1,2
Lileep,rock;grass,0,23.8,66,41,77,61,87,23,2,1,1,0.5,1,2,1,1,1,1,1,2,0.5,1,1,1,2,1
Cradily,rock;grass,0,60.4,86,81,97,81,107,43,2,1,1,0.5,1,2,1,1,1,1,1,2,0.5,1,1,1,2,1
Anorith,rock;bug,0,12.5,45,95,50,40,50,75,1,1,1,1,1,1,1,1,1,1,1,1,0.5,0.5,1,2,2,2
Armaldo,rock;bug,0,68.2,75,125,100,70,80,45,1,1,1,1,1,1,1,1,1,1,1,1,0.5,0.5,1,2,2,2
Feebas,water;none,0,7.4,20,15,20,10,55,80,1,1,1,2,1,1,0.5,1,1,2,1,0.5,1,1,1,1,0.5,0.5
Milotic,water;none,0,162,95,60,79,100,125,81,1,1,1,2,1,1,0.5,1,1,2,1,0.5,1,1,1,1,0.5,0.5
Castform,normal;none,0,0.8,70,70,70,70,70,70,1,1,1,1,1,2,1,1,0,1,1,1,1,1,1,1,1,1
Castform Sunny Form,fire;none,0,0.8,70,70,70,70,70,70,0.5,1,1,1,0.5,1,0.5,1,1,0.5,2,0.5,1,1,1,2,0.5,2
Castform Rainy Form,water;none,0,0.8,70,70,70,70,70,70,1,1,1,2,1,1,0.5,1,1,2,1,0.5,1,1,1,1,0.5,0.5
Castform Snowy Form,ice;none,0,0.8,70,70,70,70,70,70,1,1,1,1,1,2,2,1,1,1,1,0.5,1,1,1,2,2,1
Kecleon,normal;none,0,22,60,90,70,60,120,40,1,1,1,1,1,2,1,1,0,1,1,1,1,1,1,1,1,1
Shuppet,ghost;none,0,2.3,44,75,35,63,33,45,0.5,2,1,1,1,0,1,1,2,1,1,1,0,0.5,1,1,1,1
Banette,ghost;none,0,12.5,64,115,65,83,63,65,0.5,2,1,1,1,0,1,1,2,1,1,1,0,0.5,1,1,1,1
Mega Banette,ghost;none,0,13,64,165,75,93,83,75,0.5,2,1,1,1,0,1,1,2,1,1,1,0,0.5,1,1,1,1
Duskull,ghost;none,1,15,20,40,90,30,90,25,0.5,2,1,1,1,0,1,1,2,1,0,1,0,0.5,1,1,1,1
Dusclops,ghost;none,0,30.6,40,70,130,60,130,25,0.5,2,1,1,1,0,1,1,2,1,1,1,0,0.5,1,1,1,1
Tropius,grass;flying,0,100,99,68,83,72,87,51,1,1,1,1,1,0.5,2,2,1,0.25,0,4,1,2,1,2,1,0.5
Chimecho,psychic;none,1,1,75,50,80,95,90,65,2,2,1,1,1,0.5,1,1,2,1,0,1,1,1,0.5,1,1,1
Absol,dark;none,0,47,65,130,60,75,60,75,2,0.5,1,1,2,2,1,1,0.5,1,1,1,1,1,0,1,1,1
Mega Absol,dark;none,0,49,65,150,60,115,60,115,2,0.5,1,1,2,2,1,1,0.5,1,1,1,1,1,0,1,1,1
Wynaut,psychic;none,0,14,95,23,48,23,48,23,2,2,1,1,1,0.5,1,1,2,1,1,1,1,1,0.5,1,1,1
Snorunt,ice;none,0,16.8,50,50,50,50,50,50,1,1,1,1,1,2,2,1,1,1,1,0.5,1,1,1,2,2,1
Glalie,ice;none,0,256.5,80,80,80,80,80,80,1,1,1,1,1,2,2,1,1,1,1,0.5,1,1,1,2,2,1
Mega Glalie,ice;none,0,350.2,80,120,80,120,80,100,1,1,1,1,1,2,2,1,1,1,1,0.5,1,1,1,2,2,1
Spheal,ice;water,0,39.5,70,40,50,55,50,25,1,1,1,2,1,2,0.5,1,1,2,1,0.125,1,1,1,2,1,0.5
Sealeo,ice;water,0,87.6,90,60,70,75,70,45,1,1,1,2,1,2,0.5,1,1,2,1,0.125,1,1,1,2,1,0.5
Walrein,ice;water,0,150.6,110,80,90,95,90,65,1,1,1,2,1,2,0.5,1,1,2,1,0.125,1,1,1,2,1,0.5
Clamperl,water;none,0,52.5,35,64,85,74,55,32,1,1,1,2,1,1,0.5,1,1,2,1,0.5,1,1,1,1,0.5,0.5
Huntail,water;none,0,27,55,104,105,94,75,52,1,1,1,2,1,1,0.5,1,1,2,1,0.5,1,1,1,1,0.5,0.5
Gorebyss,water;none,0,22.6,55,84,105,114,75,52,1,1,1,2,1,1,0.5,1,1,2,1,0.5,1,1,1,1,0.5,0.5
Relicanth,water;rock,0,23.4,100,90,130,45,65,55,1,1,1,2,1,2,0.25,0.5,1,4,2,0.5,0.5,0.5,1,1,1,1
Luvdisc,water;none,0,8.7,43,30,55,40,65,97,1,1,1,2,1,1,0.5,1,1,2,1,0.5,1,1,1,1,0.5,0.5
Bagon,dragon;none,0,42.1,45,75,60,40,30,50,1,1,2,0.5,2,1,0.5,1,1,0.5,1,2,1,1,1,1,1,0.5
Shelgon,dragon;none,0,110.5,65,95,100,60,50,50,1,1,2,0.5,2,1,0.5,1,1,0.5,1,2,1,1,1,1,1,0.5
Salamence,dragon;flying,0,102.6,95,135,80,110,80,100,0.5,1,2,1,2,0.5,0.5,1,1,0.25,0,4,1,1,1,2,1,0.5
Mega Salamence,dragon;flying,0,112.6,95,145,130,120,90,120,0.5,1,2,1,2,0.5,0.5,1,1,0.25,0,4,1,1,1,2,1,0.5
Beldum,steel;psychic,0,95.2,40,55,80,35,60,30,1,2,0.5,1,0.5,1,2,0.5,2,0.5,2,0.5,0.5,0,0.25,0.5,0.5,1
Metang,steel;psychic,0,202.5,60,75,100,55,80,50,1,2,0.5,1,0.5,1,2,0.5,2,0.5,2,0.5,0.5,0,0.25,0.5,0.5,1
Metagross,steel;psychic,0,550,80,135,130,95,90,70,1,2,0.5,1,0.5,1,2,0.5,2,0.5,2,0.5,0.5,0,0.25,0.5,0.5,1
Mega Metagross,steel;psychic,0,942.9,80,145,150,105,110,110,1,2,0.5,1,0.5,1,2,0.5,2,0.5,2,0.5,0.5,0,0.25,0.5,0.5,1
Regirock,rock;none,0,230,80,100,200,50,100,50,1,1,1,1,1,2,0.5,0.5,1,2,2,1,0.5,0.5,1,1,2,2
Regice,ice;none,0,175,80,50,100,100,200,50,1,1,1,1,1,2,2,1,1,1,1,0.5,1,1,1,2,2,1
Registeel,steel;none,0,205,80,75,150,75,150,50,0.5,1,0.5,1,0.5,2,2,0.5,1,0.5,2,0.5,0.5,0,0.5,0.5,0.5,1
Latias,dragon;psychic,1,40,80,80,90,110,130,110,2,2,2,0.5,2,0.5,0.5,1,2,0.5,0,2,1,1,0.5,1,1,0.5
Mega Latias,dragon;psychic,1,52,80,100,120,140,150,110,2,2,2,0.5,2,0.5,0.5,1,2,0.5,0,2,1,1,0.5,1,1,0.5
Latios,dragon;psychic,1,60,80,90,80,130,110,110,2,2,2,0.5,2,0.5,0.5,1,2,0.5,0,2,1,1,0.5,1,1,0.5
Mega Latios,dragon;psychic,1,70,80,130,100,160,120,110,2,2,2,0.5,2,0.5,0.5,1,2,0.5,0,2,1,1,0.5,1,1,0.5
Kyogre,water;none,0,352,100,100,90,150,140,90,1,1,1,2,1,1,0.5,1,1,2,1,0.5,1,1,1,1,0.5,0.5
Primal Kyogre,water;none,0,430,100,150,90,180,160,90,1,1,1,2,1,1,0,1,1,2,1,0.5,1,1,1,1,0.5,0.5
Groudon,ground;none,0,950,100,150,140,100,90,90,1,1,1,0,1,1,1,1,1,2,1,2,1,0.5,1,0.5,1,2
Primal Groudon,ground;fire,0,999.7,100,180,160,150,90,90,0.5,1,1,0,0.5,1,0.5,1,1,1,2,1,1,0.5,1,1,0.5,0
Rayquaza,dragon;flying,0,206.5,105,150,90,150,90,95,0.5,1,2,1,2,0.5,0.5,1,1,0.25,0,4,1,1,1,2,1,0.5
Mega Rayquaza,dragon;flying,0,392,105,180,100,180,100,115,0.5,1,2,0.5,2,0.5,0.5,1,1,0.25,0,2,1,1,1,1,1,0.5
Jirachi,steel;psychic,0,1.1,100,100,100,100,100,100,1,2,0.5,1,0.5,1,2,0.5,2,0.5,2,0.5,0.5,0,0.25,0.5,0.5,1
Deoxys Normal Forme,psychic;none,0,60.8,50,150,50,150,50,150,2,2,1,1,1,0.5,1,1,2,1,1,1,1,1,0.5,1,1,1
DeoxysAttack Forme,psychic;none,0,60.8,50,180,20,180,20,150,2,2,1,1,1,0.5,1,1,2,1,1,1,1,1,0.5,1,1,1
Deoxys Defense Forme,psychic;none,0,60.8,50,70,160,70,160,90,2,2,1,1,1,0.5,1,1,2,1,1,1,1,1,0.5,1,1,1
Deoxys Speed Forme,psychic;none,0,60.8,50,95,90,95,90,180,2,2,1,1,1,0.5,1,1,2,1,1,1,1,1,0.5,1,1,1
Turtwig,grass;none,0,10.2,55,68,64,45,55,31,2,1,1,0.5,1,1,2,2,1,0.5,0.5,2,1,2,1,1,1,0.5
Grotle,grass;none,0,97,75,89,85,55,65,36,2,1,1,0.5,1,1,2,2,1,0.5,0.5,2,1,2,1,1,1,0.5
Torterra,grass;ground,0,310,95,109,105,75,85,56,2,1,1,0,1,1,2,2,1,1,0.5,4,1,1,1,0.5,1,1
Chimchar,fire;none,0,6.2,44,58,44,58,44,61,0.5,1,1,1,0.5,1,0.5,1,1,0.5,2,0.5,1,1,1,2,0.5,2
Monferno,fire;fighting,0,22,64,78,52,78,52,81,0.25,0.5,1,1,1,1,0.5,2,1,0.5,2,0.5,1,1,2,1,0.5,2
Infernape,fire;fighting,0,55,76,104,71,104,71,108,0.25,0.5,1,1,1,1,0.5,2,1,0.5,2,0.5,1,1,2,1,0.5,2
Piplup,water;none,0,5.2,53,51,53,61,56,40,1,1,1,2,1,1,0.5,1,1,2,1,0.5,1,1,1,1,0.5,0.5
Prinplup,water;none,0,23,64,66,68,81,76,50,1,1,1,2,1,1,0.5,1,1,2,1,0.5,1,1,1,1,0.5,0.5
Empoleon,water;steel,0,84.5,84,86,88,111,101,60,0.5,1,0.5,2,0.5,2,1,0.5,1,1,2,0.25,0.5,0,0.5,0.5,0.25,0.5
Starly,normal;flying,0,2,40,55,30,30,30,60,0.5,1,1,2,1,1,1,1,0,0.5,0,2,1,1,1,2,1,1
Staravia,normal;flying,0,15.5,55,75,50,40,40,80,0.5,1,1,2,1,1,1,1,0,0.5,0,2,1,1,1,2,1,1
Staraptor,normal;flying,0,24.9,85,120,70,50,60,100,0.5,1,1,2,1,1,1,1,0,0.5,0,2,1,1,1,2,1,1
Bidoof,normal;none,0,20,59,45,40,35,40,31,1,1,1,1,1,2,1,1,0,1,1,1,1,1,1,1,1,1
Bibarel,normal;water,0,31.5,79,85,60,55,60,71,1,1,1,2,1,2,0.5,1,0,2,1,0.5,1,1,1,1,0.5,0.5
Kricketot,bug;none,0,2.2,37,25,41,25,41,25,1,1,1,1,1,0.5,2,2,1,0.5,0.5,1,1,1,1,2,1,1
Kricketune,bug;none,0,25.5,77,85,51,55,51,65,1,1,1,1,1,0.5,2,2,1,0.5,0.5,1,1,1,1,2,1,1
Shinx,electric;none,0,9.5,45,65,34,40,34,45,1,1,1,0.5,1,1,1,0.5,1,1,2,1,1,1,1,1,0.5,1
Luxio,electric;none,0,30.5,60,85,49,60,49,60,1,1,1,0.5,1,1,1,0.5,1,1,2,1,1,1,1,1,0.5,1
Luxray,electric;none,0,42,80,120,79,95,79,70,1,1,1,0.5,1,1,1,0.5,1,1,2,1,1,1,1,1,0.5,1
Budew,grass;poison,0,1.2,40,30,35,50,70,55,1,1,1,0.5,0.5,0.5,2,2,1,0.25,1,2,1,1,2,1,1,0.5
Roserade,grass;poison,0,14.5,60,70,65,125,105,90,1,1,1,0.5,0.5,0.5,2,2,1,0.25,1,2,1,1,2,1,1,0.5
Cranidos,rock;none,0,31.5,67,125,40,30,30,58,1,1,1,1,1,2,0.5,0.5,1,2,2,1,0.5,0.5,1,1,2,2
Rampardos,rock;none,0,102.5,97,165,60,65,50,58,1,1,1,1,1,2,0.5,0.5,1,2,2,1,0.5,0.5,1,1,2,2
Shieldon,rock;steel,0,57,30,42,118,42,88,30,0.5,1,0.5,1,0.5,4,1,0.25,1,1,4,0.5,0.25,0,0.5,0.5,1,2
Bastiodon,rock;steel,0,149.5,60,52,168,47,138,30,0.5,1,0.5,1,0.5,4,1,0.25,1,1,4,0.5,0.25,0,0.5,0.5,1,2
Burmy,bug;none,0,3.4,40,29,45,29,45,36,1,1,1,1,1,0.5,2,2,1,0.5,0.5,1,1,1,1,2,1,1
Wormadam ,bug;ground,0,6.5,60,79,105,59,85,36,1,1,1,0,1,0.5,2,2,1,1,0.5,2,1,0.5,1,1,1,2
Mothim,bug;flying,0,23.3,70,94,50,94,50,66,0.5,1,1,2,1,0.25,2,2,1,0.25,0,2,1,1,1,4,1,1
Combee,bug;flying,0,5.5,30,30,42,30,42,70,0.5,1,1,2,1,0.25,2,2,1,0.25,0,2,1,1,1,4,1,1
Vespiquen,bug;flying,0,38.5,70,80,102,80,102,40,0.5,1,1,2,1,0.25,2,2,1,0.25,0,2,1,1,1,4,1,1
Pachirisu,electric;none,0,3.9,60,45,70,45,90,95,1,1,1,0.5,1,1,1,0.5,1,1,2,1,1,1,1,1,0.5,1
Buizel,water;none,0,29.5,55,65,35,60,30,85,1,1,1,2,1,1,0.5,1,1,2,1,0.5,1,1,1,1,0.5,0.5
Floatzel,water;none,0,33.5,85,105,55,85,50,115,1,1,1,2,1,1,0.5,1,1,2,1,0.5,1,1,1,1,0.5,0.5
Cherubi,grass;none,0,3.3,45,35,45,62,53,35,2,1,1,0.5,1,1,2,2,1,0.5,0.5,2,1,2,1,1,1,0.5
Cherrim,grass;none,0,9.3,70,60,70,87,78,85,2,1,1,0.5,1,1,2,2,1,0.5,0.5,2,1,2,1,1,1,0.5
Shellos,water;none,0,6.3,76,48,48,57,62,34,1,1,1,2,1,1,0.5,1,1,2,1,0.5,1,1,1,1,0.5,0.5
Gastrodon,water;ground,0,29.9,111,83,68,92,82,39,1,1,1,0,1,1,0.5,1,1,4,1,1,1,0.5,1,0.5,0.5,1
Ambipom,normal;none,0,20.3,75,100,66,60,66,115,1,1,1,1,1,2,1,1,0,1,1,1,1,1,1,1,1,1
Drifloon,ghost;flying,0,1.2,90,50,34,60,44,70,0.25,2,1,2,1,0,1,1,2,0.5,0,2,0,0.5,1,2,1,1
Drifblim,ghost;flying,0,15,150,80,44,90,54,80,0.25,2,1,2,1,0,1,1,2,0.5,0,2,0,0.5,1,2,1,1
Buneary,normal;none,0,5.5,55,66,44,44,56,85,1,1,1,1,1,2,1,1,0,1,1,1,1,1,1,1,1,1
Lopunny,normal;none,0,33.3,65,76,84,54,96,105,1,1,1,1,1,2,1,1,0,1,1,1,1,1,1,1,1,1
Mega Lopunny,normal;fighting,0,28.3,65,136,94,54,96,135,0.5,0.5,1,1,2,2,1,2,0,1,1,1,1,1,2,0.5,1,1
Mismagius,ghost;none,1,4.4,60,60,60,105,105,105,0.5,2,1,1,1,0,1,1,2,1,0,1,0,0.5,1,1,1,1
Honchkrow,dark;flying,0,27.3,100,125,52,105,52,71,1,0.5,1,2,2,1,1,1,0.5,0.5,0,2,1,1,0,2,1,1
Glameow,normal;none,0,3.9,49,55,42,42,37,85,1,1,1,1,1,2,1,1,0,1,1,1,1,1,1,1,1,1
Purugly,normal;none,0,43.8,71,82,64,64,59,112,1,1,1,1,1,2,0.5,1,0,1,1,0.5,1,1,1,1,1,1
Chingling,psychic;none,1,0.6,45,30,50,65,50,45,2,2,1,1,1,0.5,1,1,2,1,0,1,1,1,0.5,1,1,1
Stunky,poison;dark,0,19.2,63,63,47,41,41,74,1,0.5,1,1,1,1,1,1,0.5,0.5,2,1,1,0.5,0,1,1,1
Skuntank,poison;dark,0,38,103,93,67,71,61,84,1,0.5,1,1,1,1,1,1,0.5,0.5,2,1,1,0.5,0,1,1,1
Bronzor,steel;psychic,1,60.5,57,24,86,24,86,23,1,2,0.5,1,0.5,1,2,0.5,2,0.5,0,0.5,0.5,0,0.25,0.5,0.5,1
Bronzong,steel;psychic,1,187,67,89,116,79,116,33,1,2,0.5,1,0.5,1,2,0.5,2,0.5,0,0.5,0.5,0,0.25,0.5,0.5,1
Bonsly,rock;none,0,15,50,80,95,10,45,10,1,1,1,1,1,2,0.5,0.5,1,2,2,1,0.5,0.5,1,1,2,2
Mime Jr.,psychic;fairy,0,13,20,25,45,70,90,60,1,1,0,1,1,0.25,1,1,2,1,1,1,1,2,0.5,1,2,1
Happiny,normal;none,0,24.4,100,5,5,15,65,30,1,1,1,1,1,2,1,1,0,1,1,1,1,1,1,1,1,1
Chatot,normal;flying,0,1.9,76,65,45,92,42,91,0.5,1,1,2,1,1,1,1,0,0.5,0,2,1,1,1,2,1,1
Spiritomb,ghost;dark,0,108,50,92,108,92,108,35,1,1,1,1,2,0,1,1,1,1,1,1,0,0.5,0,1,1,1
Gible,dragon;ground,0,20.5,58,70,45,40,45,42,1,1,2,0,2,1,0.5,1,1,1,1,4,1,0.5,1,0.5,1,1
Gabite,dragon;ground,0,56,68,90,65,50,55,82,1,1,2,0,2,1,0.5,1,1,1,1,4,1,0.5,1,0.5,1,1
Garchomp,dragon;ground,0,95,108,130,95,80,85,102,1,1,2,0,2,1,0.5,1,1,1,1,4,1,0.5,1,0.5,1,1
Mega Garchomp,dragon;ground,0,95,108,170,115,120,95,92,1,1,2,0,2,1,0.5,1,1,1,1,4,1,0.5,1,0.5,1,1
Munchlax,normal;none,0,105,135,85,40,40,85,5,1,1,1,1,1,2,1,1,0,1,1,1,1,1,1,1,1,1
Riolu,fighting;none,0,20.2,40,70,40,35,40,60,0.5,0.5,1,1,2,1,1,2,1,1,1,1,1,1,2,0.5,1,1
Lucario,fighting;steel,0,54,70,110,70,115,70,90,0.25,0.5,0.5,1,1,2,2,1,1,0.5,2,0.5,0.5,0,1,0.25,0.5,1
Mega Lucario,fighting;steel,0,57.5,70,145,88,140,70,112,0.25,0.5,0.5,1,1,2,2,1,1,0.5,2,0.5,0.5,0,1,0.25,0.5,1
Hippopotas,ground;none,0,49.5,68,72,78,38,42,32,1,1,1,0,1,1,1,1,1,2,1,2,1,0.5,1,0.5,1,2
Hippowdon,ground;none,0,300,108,112,118,68,72,47,1,1,1,0,1,1,1,1,1,2,1,2,1,0.5,1,0.5,1,2
Skorupi,poison;bug,0,12,40,50,90,30,55,65,0.5,1,1,1,0.5,0.25,2,2,1,0.25,1,1,1,0.5,2,2,1,1
Drapion,poison;dark,0,61.5,70,90,110,60,75,95,1,0.5,1,1,1,1,1,1,0.5,0.5,2,1,1,0.5,0,1,1,1
Croagunk,poison;fighting,0,23,48,61,40,61,40,50,0.25,0.5,1,1,1,0.5,1,2,1,0.5,2,1,1,0.5,4,0.5,1,1
Toxicroak,poison;fighting,0,44.4,83,106,65,86,65,85,0.25,0.5,1,1,1,0.5,1,2,1,0.5,2,1,1,0.5,4,0.5,1,1
Carnivine,grass;none,1,27,74,100,72,90,72,46,2,1,1,0.5,1,1,2,2,1,0.5,0,2,1,2,1,1,1,0.5
Finneon,water;none,0,7,49,49,56,49,61,66,1,1,1,2,1,1,0.5,1,1,2,1,0.5,1,1,1,1,0.5,0.5
Lumineon,water;none,0,24,69,69,76,69,86,91,1,1,1,2,1,1,0.5,1,1,2,1,0.5,1,1,1,1,0.5,0.5
Mantyke,water;flying,0,65,45,20,50,60,120,50,0.5,1,1,4,1,0.5,0.5,1,1,1,0,1,1,1,1,2,0.5,0.5
Snover,grass;ice,0,50.5,60,62,50,62,60,40,2,1,1,0.5,1,2,4,2,1,0.5,0.5,1,1,2,1,2,2,0.5
Abomasnow,grass;ice,0,135.5,90,92,75,92,85,60,2,1,1,0.5,1,2,4,2,1,0.5,0.5,1,1,2,1,2,2,0.5
Mega Abomasnow,grass;ice,0,185,90,132,105,132,105,30,2,1,1,0.5,1,2,4,2,1,0.5,0.5,1,1,2,1,2,2,0.5
Weavile,dark;ice,0,34,70,120,65,45,85,125,2,0.5,1,1,2,4,2,1,0.5,1,1,0.5,1,1,0,2,2,1
Magnezone,electric;steel,0,180,70,70,115,130,90,60,0.5,1,0.5,0.5,0.5,2,2,0.25,1,0.5,4,0.5,0.5,0,0.5,0.5,0.25,1
Lickilicky,normal;none,0,140,110,85,95,80,95,50,1,1,1,1,1,2,1,1,0,1,1,1,1,1,1,1,1,1
Rhyperior,ground;rock,0,282.8,115,140,130,55,55,40,1,1,1,0,1,2,0.5,0.5,1,4,2,2,0.5,0.25,1,0.5,2,4
Tangrowth,grass;none,0,128.6,100,100,125,110,50,50,2,1,1,0.5,1,1,2,2,1,0.5,0.5,2,1,2,1,1,1,0.5
Electivire,electric;none,0,138.6,75,123,67,95,85,95,1,1,1,0,1,1,1,0.5,1,1,2,1,1,1,1,1,0.5,1
Magmortar,fire;none,0,68,75,95,67,125,95,83,0.5,1,1,1,0.5,1,0.5,1,1,0.5,2,0.5,1,1,1,2,0.5,2
Togekiss,fairy;flying,0,38,85,50,95,120,115,80,0.25,0.5,0,2,1,0.25,1,1,1,0.5,0,2,1,2,1,2,2,1
Yanmega,bug;flying,0,51.5,86,76,86,116,56,95,0.5,1,1,2,1,0.25,2,2,1,0.25,0,2,1,1,1,4,1,1
Leafeon,grass;none,0,25.5,65,110,130,60,65,95,2,1,1,0.5,1,1,2,2,1,0.5,0.5,2,1,2,1,1,1,0.5
Glaceon,ice;none,0,25.9,65,60,110,130,95,65,1,1,1,1,1,2,2,1,1,1,1,0.5,1,1,1,2,2,1
Gliscor,ground;flying,0,42.5,75,95,125,45,75,95,0.5,1,1,0,1,0.5,1,1,1,1,0,4,1,0.5,1,1,1,2
Mamoswine,ice;ground,0,291,110,130,80,70,60,80,1,1,1,0,1,2,2,1,1,2,1,1,1,0.5,1,1,2,2
Porygon-Z,normal;none,0,34,85,80,70,135,75,90,1,1,1,1,1,2,1,1,0,1,1,1,1,1,1,1,1,1
Gallade,psychic;fighting,0,52,68,125,65,65,115,80,1,1,1,1,2,0.5,1,2,2,1,1,1,1,1,1,0.5,1,1
Mega Gallade,psychic;fighting,0,56.4,68,165,95,65,115,110,1,1,1,1,2,0.5,1,2,2,1,1,1,1,1,1,0.5,1,1
Probopass,rock;steel,0,340,60,55,145,75,150,40,0.5,1,0.5,1,0.5,4,1,0.25,1,1,4,0.5,0.25,0,0.5,0.5,1,2
Dusknoir,ghost;none,0,106.6,45,100,135,65,135,45,0.5,2,1,1,1,0,1,1,2,1,1,1,0,0.5,1,1,1,1
Froslass,ice;ghost,0,26.6,70,80,70,80,70,110,0.5,2,1,1,1,0,2,1,2,1,1,0.5,0,0.5,1,2,2,1
Rotom,electric;ghost,1,0.3,50,50,77,95,77,91,0.5,2,1,0.5,1,0,1,0.5,2,1,0,1,0,0.5,1,1,0.5,1
Heat Rotom,electric;fire,1,0.3,50,65,107,105,107,86,0.5,1,1,0.5,0.5,1,0.5,0.5,1,0.5,0,0.5,1,1,1,2,0.25,2
Wash Rotom,electric;water,1,0.3,50,65,107,105,107,86,1,1,1,1,1,1,0.5,0.5,1,2,0,0.5,1,1,1,1,0.25,0.5
Frost Rotom,electric;ice,1,0.3,50,65,107,105,107,86,1,1,1,0.5,1,2,2,0.5,1,1,0,0.5,1,1,1,2,1,1
Fan Rotom,electric;flying,1,0.3,50,65,107,105,107,86,0.5,1,1,1,1,0.5,1,0.5,1,0.5,0,2,1,1,1,2,0.5,1
Mow Rotom,electric;grass,1,0.3,50,65,107,105,107,86,2,1,1,0.25,1,1,2,1,1,0.5,0,2,1,2,1,1,0.5,0.5
Uxie,psychic;none,1,0.3,75,75,130,75,130,95,2,2,1,1,1,0.5,1,1,2,1,0,1,1,1,0.5,1,1,1
Mesprit,psychic;none,1,0.3,80,105,105,105,105,80,2,2,1,1,1,0.5,1,1,2,1,0,1,1,1,0.5,1,1,1
Azelf,psychic;none,1,0.3,75,125,70,125,70,115,2,2,1,1,1,0.5,1,1,2,1,0,1,1,1,0.5,1,1,1
Dialga,steel;dragon,0,683,100,120,120,150,100,90,0.5,1,1,0.5,1,2,1,0.5,1,0.25,2,1,0.5,0,0.5,0.5,0.5,0.5
Palkia,water;dragon,0,336,90,120,100,150,120,100,1,1,2,1,2,1,0.25,1,1,1,1,1,1,1,1,1,0.5,0.25
Heatran,fire;steel,0,430,91,90,106,130,106,77,0.25,1,0.5,1,0.25,2,0,0.5,1,0.25,4,0.25,0.5,0,0.5,1,0.25,2
Regigigas,normal;none,0,420,110,160,110,80,110,100,1,1,1,1,1,2,1,1,0,1,1,1,1,1,1,1,1,1
Altered Forme Giratina,ghost;dragon,0,750,150,100,120,100,120,90,0.5,2,2,0.5,2,0,0.5,1,2,0.5,1,2,0,0.5,1,1,1,0.5
Origin Forme Giratina,ghost;dragon,1,650,150,120,100,120,100,90,0.5,2,2,0.5,2,0,0.5,1,2,0.5,0,2,0,0.5,1,1,1,0.5
Cresselia,psychic;none,1,85.6,120,70,120,75,130,85,2,2,1,1,1,0.5,1,1,2,1,0,1,1,1,0.5,1,1,1
Phione,water;none,0,3.1,80,80,80,80,80,80,1,1,1,2,1,1,0.5,1,1,2,1,0.5,1,1,1,1,0.5,0.5
Manaphy,water;none,0,1.4,100,100,100,100,100,100,1,1,1,2,1,1,0.5,1,1,2,1,0.5,1,1,1,1,0.5,0.5
Darkrai,dark;none,0,50.5,70,90,90,135,90,125,2,0.5,1,1,2,2,1,1,0.5,1,1,1,1,1,0,1,1,1
Shaymin Land Forme,grass;none,0,2.1,100,100,100,100,100,100,2,1,1,0.5,1,1,2,2,1,0.5,0.5,2,1,2,1,1,1,0.5
Shaymin Sky Forme,grass;flying,0,5.2,100,103,75,120,75,127,1,1,1,1,1,0.5,2,2,1,0.25,0,4,1,2,1,2,1,0.5
Arceus,normal;none,0,320,120,120,120,120,120,120,1,1,1,1,1,2,1,1,0,1,1,1,1,1,1,1,1,1
Victini,psychic;fire,0,4,100,100,100,100,100,100,1,2,1,1,0.5,0.5,0.5,1,2,0.5,2,0.5,1,1,0.5,2,0.5,2
Snivy,grass;none,0,8.1,45,45,55,45,55,63,2,1,1,0.5,1,1,2,2,1,0.5,0.5,2,1,2,1,1,1,0.5
Servine,grass;none,0,16,60,60,75,60,75,83,2,1,1,0.5,1,1,2,2,1,0.5,0.5,2,1,2,1,1,1,0.5
Serperior,grass;none,0,63,75,75,95,75,95,113,2,1,1,0.5,1,1,2,2,1,0.5,0.5,2,1,2,1,1,1,0.5
Tepig,fire;none,0,9.9,65,63,45,45,45,45,0.5,1,1,1,0.5,1,0.5,1,1,0.5,2,0.5,1,1,1,2,0.5,2
Pignite,fire;fighting,0,55.5,90,93,55,70,55,55,0.25,0.5,1,1,1,1,0.5,2,1,0.5,2,0.5,1,1,2,1,0.5,2
Emboar,fire;fighting,0,150,110,123,65,100,65,65,0.25,0.5,1,1,1,1,0.5,2,1,0.5,2,0.5,1,1,2,1,0.5,2
Oshawott,water;none,0,5.9,55,55,45,63,45,45,1,1,1,2,1,1,0.5,1,1,2,1,0.5,1,1,1,1,0.5,0.5
Dewott,water;none,0,24.5,75,75,60,83,60,60,1,1,1,2,1,1,0.5,1,1,2,1,0.5,1,1,1,1,0.5,0.5
Samurott,water;none,0,94.6,95,100,85,108,70,70,1,1,1,2,1,1,0.5,1,1,2,1,0.5,1,1,1,1,0.5,0.5
Patrat,normal;none,0,11.6,45,55,39,35,39,42,1,1,1,1,1,2,1,1,0,1,1,1,1,1,1,1,1,1
Watchog,normal;none,0,27,60,85,69,60,69,77,1,1,1,1,1,2,1,1,0,1,1,1,1,1,1,1,1,1
Lillipup,normal;none,0,4.1,45,60,45,25,45,55,1,1,1,1,1,2,1,1,0,1,1,1,1,1,1,1,1,1
Herdier,normal;none,0,14.7,65,80,65,35,65,60,1,1,1,1,1,2,1,1,0,1,1,1,1,1,1,1,1,1
Stoutland,normal;none,0,61,85,110,90,45,90,80,1,1,1,1,1,2,1,1,0,1,1,1,1,1,1,1,1,1
Purrloin,dark;none,0,10.1,41,50,37,50,37,66,2,0.5,1,1,2,2,1,1,0.5,1,1,1,1,1,0,1,1,1
Liepard,dark;none,0,37.5,64,88,50,88,50,106,2,0.5,1,1,2,2,1,1,0.5,1,1,1,1,1,0,1,1,1
Pansage,grass;none,0,10.5,50,53,48,53,48,64,2,1,1,0.5,1,1,2,2,1,0.5,0.5,2,1,2,1,1,1,0.5
Simisage,grass;none,0,30.5,75,98,63,98,63,101,2,1,1,0.5,1,1,2,2,1,0.5,0.5,2,1,2,1,1,1,0.5
Pansear,fire;none,0,11,50,53,48,53,48,64,0.5,1,1,1,0.5,1,0.5,1,1,0.5,2,0.5,1,1,1,2,0.5,2
Simisear,fire;none,0,28,75,98,63,98,63,101,0.5,1,1,1,0.5,1,0.5,1,1,0.5,2,0.5,1,1,1,2,0.5,2
Panpour,water;none,0,13.5,50,53,48,53,48,64,1,1,1,2,1,1,0.5,1,1,2,1,0.5,1,1,1,1,0.5,0.5
Simipour,water;none,0,29,75,98,63,98,63,101,1,1,1,2,1,1,0.5,1,1,2,1,0.5,1,1,1,1,0.5,0.5
Munna,psychic;none,0,23.3,76,25,45,67,55,24,2,2,1,1,1,0.5,1,1,2,1,1,1,1,1,0.5,1,1,1
Musharna,psychic;none,0,60.5,116,55,85,107,95,29,2,2,1,1,1,0.5,1,1,2,1,1,1,1,1,0.5,1,1,1
Pidove,normal;flying,0,2.1,50,55,50,36,30,43,0.5,1,1,2,1,1,1,1,0,0.5,0,2,1,1,1,2,1,1
Tranquill,normal;flying,0,15,62,77,62,50,42,65,0.5,1,1,2,1,1,1,1,0,0.5,0,2,1,1,1,2,1,1
Unfezant,normal;flying,0,29,80,115,80,65,55,93,0.5,1,1,2,1,1,1,1,0,0.5,0,2,1,1,1,2,1,1
Blitzle,electric;none,0,29.8,45,60,32,50,32,76,1,1,1,0,1,1,1,0.5,1,1,2,1,1,1,1,1,0.5,1
Zebstrika,electric;none,0,79.5,75,100,63,80,63,116,1,1,1,0,1,1,1,0.5,1,1,2,1,1,1,1,1,0.5,1
Roggenrola,rock;none,0,18,55,75,85,25,25,15,1,1,1,1,1,2,0.5,0.5,1,2,2,1,0.5,0.5,1,1,2,2
Boldore,rock;none,0,102,70,105,105,50,40,20,1,1,1,1,1,2,0.5,0.5,1,2,2,1,0.5,0.5,1,1,2,2
Gigalith,rock;none,0,260,85,135,130,60,80,25,1,1,1,1,1,2,0.5,0.5,1,2,2,1,0.5,0.5,1,1,2,2
Woobat,psychic;flying,0,2.1,65,45,43,55,43,72,1,2,1,2,1,0.25,1,1,2,0.5,0,2,1,1,0.5,2,1,1
Swoobat,psychic;flying,0,10.5,67,57,55,77,55,114,1,2,1,2,1,0.25,1,1,2,0.5,0,2,1,1,0.5,2,1,1
Drilbur,ground;none,0,8.5,60,85,40,30,45,68,1,1,1,0,1,1,1,1,1,2,1,2,1,0.5,1,0.5,1,2
Excadrill,ground;steel,0,40.4,110,135,60,50,65,88,0.5,1,0.5,0,0.5,2,2,0.5,1,1,2,1,0.5,0,0.5,0.25,0.5,2
Audino,normal;none,0,31,103,60,86,60,86,50,1,1,1,1,1,2,1,1,0,1,1,1,1,1,1,1,1,1
Mega Audino,normal;fairy,0,32,103,60,126,80,126,50,0.5,0.5,0,1,1,1,1,1,0,1,1,1,1,2,1,1,2,1
Timburr,fighting;none,0,12.5,75,80,55,25,35,35,0.5,0.5,1,1,2,1,1,2,1,1,1,1,1,1,2,0.5,1,1
Gurdurr,fighting;none,0,40,85,105,85,40,50,40,0.5,0.5,1,1,2,1,1,2,1,1,1,1,1,1,2,0.5,1,1
Conkeldurr,fighting;none,0,87,105,140,95,55,65,45,0.5,0.5,1,1,2,1,1,2,1,1,1,1,1,1,2,0.5,1,1
Tympole,water;none,0,4.5,50,50,40,50,40,64,1,1,1,2,1,1,0.5,1,1,2,1,0.5,1,1,1,1,0.5,0.5
Palpitoad,water;ground,0,17,75,65,55,65,55,69,1,1,1,0,1,1,0.5,1,1,4,1,1,1,0.5,1,0.5,0.5,1
Seismitoad,water;ground,0,62,105,95,75,85,75,74,1,1,1,0,1,1,0.5,1,1,4,1,1,1,0.5,1,0.5,0.5,1
Throh,fighting;none,0,55.5,120,100,85,30,85,45,0.5,0.5,1,1,2,1,1,2,1,1,1,1,1,1,2,0.5,1,1
Sawk,fighting;none,0,51,75,125,75,30,75,85,0.5,0.5,1,1,2,1,1,2,1,1,1,1,1,1,2,0.5,1,1
Sewaddle,bug;grass,0,2.5,45,53,70,40,60,42,2,1,1,0.5,1,0.5,4,4,1,0.25,0.25,2,1,2,1,2,1,0.5
Swadloon,bug;grass,0,7.3,55,63,90,50,80,42,2,1,1,0.5,1,0.5,4,4,1,0.25,0.25,2,1,2,1,2,1,0.5
Leavanny,bug;grass,0,20.5,75,103,80,70,80,92,2,1,1,0.5,1,0.5,4,4,1,0.25,0.25,2,1,2,1,2,1,0.5
Venipede,bug;poison,0,5.3,30,45,59,30,39,57,0.5,1,1,1,0.5,0.25,2,2,1,0.25,1,1,1,0.5,2,2,1,1
Whirlipede,bug;poison,0,58.5,40,55,99,40,79,47,0.5,1,1,1,0.5,0.25,2,2,1,0.25,1,1,1,0.5,2,2,1,1
Scolipede,bug;poison,0,200.5,60,100,89,55,69,112,0.5,1,1,1,0.5,0.25,2,2,1,0.25,1,1,1,0.5,2,2,1,1
Cottonee,grass;fairy,0,0.6,40,27,60,37,50,66,1,0.5,0,0.5,1,0.5,2,2,1,0.5,0.5,2,1,4,1,1,2,0.5
Whimsicott,grass;fairy,0,6.6,60,67,85,77,75,116,1,0.5,0,0.5,1,0.5,2,2,1,0.5,0.5,2,1,4,1,1,2,0.5
Petilil,grass;none,0,6.6,45,35,50,70,50,30,2,1,1,0.5,1,1,2,2,1,0.5,0.5,2,1,2,1,1,1,0.5
Lilligant,grass;none,0,16.3,70,60,75,110,75,90,2,1,1,0.5,1,1,2,2,1,0.5,0.5,2,1,2,1,1,1,0.5
Basculin Red-Striped Form,water;none,0,18,70,92,65,80,55,98,1,1,1,2,1,1,0.5,1,1,2,1,0.5,1,1,1,1,0.5,0.5
Basculin Blue-Striped Form,water;none,0,18,70,92,65,80,55,98,1,1,1,2,1,1,0.5,1,1,2,1,0.5,1,1,1,1,0.5,0.5
Sandile,ground;dark,0,15.2,50,72,35,35,35,65,2,0.5,1,0,2,2,1,1,0.5,2,1,2,1,0.5,0,0.5,1,2
Krokorok,ground;dark,0,33.4,60,82,45,45,45,74,2,0.5,1,0,2,2,1,1,0.5,2,1,2,1,0.5,0,0.5,1,2
Krookodile,ground;dark,0,96.3,95,117,80,65,70,92,2,0.5,1,0,2,2,1,1,0.5,2,1,2,1,0.5,0,0.5,1,2
Darumaka,fire;none,0,37.5,70,90,45,15,45,50,0.5,1,1,1,0.5,1,0.5,1,1,0.5,2,0.5,1,1,1,2,0.5,2
Galarian Darumaka,ice;none,0,40,70,90,45,15,45,50,1,1,1,1,1,2,2,1,1,1,1,0.5,1,1,1,2,2,1
Darmanitan Standard Mode,fire;none,0,92.9,105,140,55,30,55,95,0.5,1,1,1,0.5,1,0.5,1,1,0.5,2,0.5,1,1,1,2,0.5,2
Darmanitan Zen Mode,fire;psychic,0,92.9,105,30,105,140,105,55,1,2,1,1,0.5,0.5,0.5,1,2,0.5,2,0.5,1,1,0.5,2,0.5,2
Galarian Standard Mode Darmanitan,ice;none,0,120,105,140,55,30,55,95,1,1,1,1,1,2,2,1,1,1,1,0.5,1,1,1,2,2,1
Galarian Zen Mode Darmanitan,ice;fire,0,120,105,160,55,30,55,135,0.5,1,1,1,0.5,2,1,1,1,0.5,2,0.25,1,1,1,4,1,2
Maractus,grass;none,0,28,75,86,67,106,67,60,2,1,1,0.5,1,1,2,2,1,0.5,0.5,2,1,2,1,1,1,0
Dwebble,bug;rock,0,14.5,50,65,85,35,35,55,1,1,1,1,1,1,1,1,1,1,1,1,0.5,0.5,1,2,2,2
Crustle,bug;rock,0,200,70,105,125,65,75,45,1,1,1,1,1,1,1,1,1,1,1,1,0.5,0.5,1,2,2,2
Scraggy,dark;fighting,0,11.8,50,75,70,35,70,48,1,0.25,1,1,4,2,1,2,0.5,1,1,1,1,1,0,0.5,1,1
Scrafty,dark;fighting,0,30,65,90,115,45,115,58,1,0.25,1,1,4,2,1,2,0.5,1,1,1,1,1,0,0.5,1,1
Sigilyph,psychic;flying,0,14,72,58,80,103,80,97,1,2,1,2,1,0.25,1,1,2,0.5,0,2,1,1,0.5,2,1,1
Yamask,ghost;none,0,1.5,38,30,85,55,65,30,0.5,2,1,1,1,0,1,1,2,1,1,1,0,0.5,1,1,1,1
Galarian Yamask,ground;ghost,0,1.5,38,55,85,30,65,30,0.5,2,1,0,1,0,1,1,2,2,1,2,0,0.25,1,0.5,1,2
Cofagrigus,ghost;none,0,76.5,58,50,145,95,105,30,0.5,2,1,1,1,0,1,1,2,1,1,1,0,0.5,1,1,1,1
Tirtouga,water;rock,0,16.5,54,78,103,53,45,22,1,1,1,1.5,1,1.5,0.25,0.5,1,3,1.5,0.5,0.5,0.5,1,1,1,1
Carracosta,water;rock,0,81,74,108,133,83,65,32,1,1,1,1.5,1,1.5,0.25,0.5,1,3,1.5,0.5,0.5,0.5,1,1,1,1
Archen,rock;flying,0,9.5,55,112,45,74,45,70,0.5,1,1,2,1,1,0.5,0.5,1,1,0,2,0.5,0.5,1,2,2,2
Archeops,rock;flying,0,32,75,140,65,112,65,110,0.5,1,1,2,1,1,0.5,0.5,1,1,0,2,0.5,0.5,1,2,2,2
Trubbish,poison;none,0,31,50,50,62,40,62,65,0.5,1,1,1,0.5,0.5,1,1,1,0.5,2,1,1,0.5,2,1,1,1
Garbodor,poison;none,0,107.3,80,95,82,60,82,75,0.5,1,1,1,0.5,0.5,1,1,1,0.5,2,1,1,0.5,2,1,1,1
Zorua,dark;none,0,12.5,40,65,40,80,40,65,2,0.5,1,1,2,2,1,1,0.5,1,1,1,1,1,0,1,1,1
Zoroark,dark;none,0,81.1,60,105,60,120,60,105,2,0.5,1,1,2,2,1,1,0.5,1,1,1,1,1,0,1,1,1
Minccino,normal;none,0,5.8,55,50,40,40,40,75,1,1,1,1,1,2,1,1,0,1,1,1,1,1,1,1,1,1
Cinccino,normal;none,0,7.5,75,95,60,65,60,115,1,1,1,1,1,2,1,1,0,1,1,1,1,1,1,1,1,1
Gothita,psychic;none,0,5.8,45,30,50,55,65,45,2,2,1,1,1,0.5,1,1,2,1,1,1,1,1,0.5,1,1,1
Gothorita,psychic;none,0,18,60,45,70,75,85,55,2,2,1,1,1,0.5,1,1,2,1,1,1,1,1,0.5,1,1,1
Gothitelle,psychic;none,0,44,70,55,95,95,110,65,2,2,1,1,1,0.5,1,1,2,1,1,1,1,1,0.5,1,1,1
Solosis,psychic;none,0,1,45,30,40,105,50,20,2,2,1,1,1,0.5,1,1,2,1,1,1,1,1,0.5,1,1,1
Duosion,psychic;none,0,8,65,40,50,125,60,30,2,2,1,1,1,0.5,1,1,2,1,1,1,1,1,0.5,1,1,1
Reuniclus,psychic;none,0,20.1,110,65,75,125,85,30,2,2,1,1,1,0.5,1,1,2,1,1,1,1,1,0.5,1,1,1
Ducklett,water;flying,0,5.5,62,44,50,44,50,55,0.5,1,1,4,1,0.5,0.5,1,1,1,0,1,1,1,1,2,0.5,0.5
Swanna,water;flying,0,24.2,75,87,63,87,63,98,0.5,1,1,4,1,0.5,0.5,1,1,1,0,1,1,1,1,2,0.5,0.5
Vanillite,ice;none,0,5.7,36,50,50,65,60,44,1,1,1,1,1,2,2,1,1,1,1,0.5,1,1,1,2,2,1
Vanillish,ice;none,0,41,51,65,65,80,75,59,1,1,1,1,1,2,2,1,1,1,1,0.5,1,1,1,2,2,1
Vanilluxe,ice;none,0,57.5,71,95,85,110,95,79,1,1,1,1,1,2,2,1,1,1,1,0.5,1,1,1,2,2,1
Deerling,normal;grass,0,19.5,60,60,50,40,50,75,2,1,1,0.5,1,2,2,2,0,0.5,0.5,2,1,2,1,1,1,0.5
Sawsbuck,normal;grass,0,92.5,80,100,70,60,70,95,2,1,1,0.5,1,2,2,2,0,0.5,0.5,2,1,2,1,1,1,0.5
Emolga,electric;flying,0,5,55,75,60,75,60,103,0.5,1,1,1,1,0.5,1,0.5,1,0.5,0,2,1,1,1,2,0.5,1
Karrablast,bug;none,0,5.9,50,75,45,40,45,60,1,1,1,1,1,0.5,2,2,1,0.5,0.5,1,1,1,1,2,1,1
Escavalier,bug;steel,0,33,70,135,105,60,105,20,0.5,1,0.5,1,0.5,1,4,1,1,0.25,1,0.5,0.5,0,0.5,1,0.5,1
Foongus,grass;poison,0,1,69,55,45,55,55,15,1,1,1,0.5,0.5,0.5,2,2,1,0.25,1,2,1,1,2,1,1,0.5
Amoonguss,grass;poison,0,10.5,114,85,70,85,80,30,1,1,1,0.5,0.5,0.5,2,2,1,0.25,1,2,1,1,2,1,1,0.5
Frillish,water;ghost,0,33,55,40,50,65,85,40,0.5,2,1,2,1,0,0.5,1,2,2,1,0.5,0,0.5,1,1,0.5,0
Jellicent,water;ghost,0,135,100,60,70,85,105,60,0.5,2,1,2,1,0,0.5,1,2,2,1,0.5,0,0.5,1,1,0.5,0
Alomomola,water;none,0,31.6,165,75,80,40,45,65,1,1,1,2,1,1,0.5,1,1,2,1,0.5,1,1,1,1,0.5,0.5
Joltik,bug;electric,0,0.6,50,47,50,57,50,65,1,1,1,0.5,1,0.5,2,1,1,0.5,1,1,1,1,1,2,0.5,1
Galvantula,bug;electric,0,14.3,70,77,60,97,60,108,1,1,1,0.5,1,0.5,2,1,1,0.5,1,1,1,1,1,2,0.5,1
Ferroseed,grass;steel,0,18.8,44,50,91,24,86,10,1,1,0.5,0.5,0.5,2,4,1,1,0.25,1,1,0.5,0,0.5,0.5,0.5,0.5
Ferrothorn,grass;steel,0,110,74,94,131,54,116,20,1,1,0.5,0.5,0.5,2,4,1,1,0.25,1,1,0.5,0,0.5,0.5,0.5,0.5
Klink,steel;none,0,21,40,55,70,45,60,30,0.5,1,0.5,1,0.5,2,2,0.5,1,0.5,2,0.5,0.5,0,0.5,0.5,0.5,1
Klang,steel;none,0,51,60,80,95,70,85,50,0.5,1,0.5,1,0.5,2,2,0.5,1,0.5,2,0.5,0.5,0,0.5,0.5,0.5,1
Klinklang,steel;none,0,81,60,100,115,70,85,90,0.5,1,0.5,1,0.5,2,2,0.5,1,0.5,2,0.5,0.5,0,0.5,0.5,0.5,1
Tynamo,electric;none,1,0.3,35,55,40,45,40,60,1,1,1,0.5,1,1,1,0.5,1,1,0,1,1,1,1,1,0.5,1
Eelektrik,electric;none,1,22,65,85,70,75,70,40,1,1,1,0.5,1,1,1,0.5,1,1,0,1,1,1,1,1,0.5,1
Eelektross,electric;none,1,80.5,85,115,80,105,80,50,1,1,1,0.5,1,1,1,0.5,1,1,0,1,1,1,1,1,0.5,1
Elgyem,psychic;none,0,9,55,55,55,85,55,30,2,2,1,1,1,0.5,1,1,2,1,1,1,1,1,0.5,1,1,1
Beheeyem,psychic;none,0,34.5,75,75,75,125,95,40,2,2,1,1,1,0.5,1,1,2,1,1,1,1,1,0.5,1,1,1
Litwick,ghost;fire,0,3.1,50,30,55,65,55,20,0.25,2,1,1,0.5,0,0,1,2,0.5,2,0.5,0,0.5,1,2,0.5,2
Lampent,ghost;fire,0,13,60,40,60,95,60,55,0.25,2,1,1,0.5,0,0,1,2,0.5,2,0.5,0,0.5,1,2,0.5,2
Chandelure,ghost;fire,0,34.3,60,55,90,145,90,80,0.25,2,1,1,0.5,0,0,1,2,0.5,2,0.5,0,0.5,1,2,0.5,2
Axew,dragon;none,0,18,46,87,60,30,40,57,1,1,2,0.5,2,1,0.5,1,1,0.5,1,2,1,1,1,1,1,0.5
Fraxure,dragon;none,0,36,66,117,70,40,50,67,1,1,2,0.5,2,1,0.5,1,1,0.5,1,2,1,1,1,1,1,0.5
Haxorus,dragon;none,0,105.5,76,147,90,60,70,97,1,1,2,0.5,2,1,0.5,1,1,0.5,1,2,1,1,1,1,1,0.5
Cubchoo,ice;none,0,8.5,55,70,40,60,40,40,1,1,1,1,1,2,2,1,1,1,1,0.5,1,1,1,2,2,1
Beartic,ice;none,0,260,95,130,80,70,80,50,1,1,1,1,1,2,2,1,1,1,1,0.5,1,1,1,2,2,1
Cryogonal,ice;none,1,148,80,50,50,95,135,105,1,1,1,1,1,2,2,1,1,1,0,0.5,1,1,1,2,2,1
Shelmet,bug;none,0,7.7,50,40,85,40,65,25,1,1,1,1,1,0.5,2,2,1,0.5,0.5,1,1,1,1,2,1,1
Accelgor,bug;none,0,25.3,80,70,40,100,60,145,1,1,1,1,1,0.5,2,2,1,0.5,0.5,1,1,1,1,2,1,1
Stunfisk,ground;electric,0,11,109,66,84,81,99,32,1,1,1,0,1,1,1,0.5,1,2,2,2,1,0.5,1,0.5,0.5,2
Galarian Stunfisk,ground;steel,0,20.5,109,81,99,66,84,32,0.5,1,0.5,0,0.5,2,2,0.5,1,1,2,1,0.5,0,0.5,0.25,0.5,2
Mienfoo,fighting;none,0,20,45,85,50,55,50,65,0.5,0.5,1,1,2,1,1,2,1,1,1,1,1,1,2,0.5,1,1
Mienshao,fighting;none,0,35.5,65,125,60,95,60,105,0.5,0.5,1,1,2,1,1,2,1,1,1,1,1,1,2,0.5,1,1
Druddigon,dragon;none,0,139,77,120,90,60,90,48,1,1,2,0.5,2,1,0.5,1,1,0.5,1,2,1,1,1,1,1,0.5
Golett,ground;ghost,0,92,59,74,50,35,50,35,0.5,2,1,0,1,0,1,1,2,2,1,2,0,0.25,1,0.5,1,2
Golurk,ground;ghost,0,330,89,124,80,55,80,55,0.5,2,1,0,1,0,1,1,2,2,1,2,0,0.25,1,0.5,1,2
Pawniard,dark;steel,0,10.2,45,85,70,40,40,60,1,0.5,0.5,1,1,4,2,0.5,0.5,0.5,2,0.5,0.5,0,0,0.5,0.5,1
Bisharp,dark;steel,0,70,65,125,100,60,70,70,1,0.5,0.5,1,1,4,2,0.5,0.5,0.5,2,0.5,0.5,0,0,0.5,0.5,1
Bouffalant,normal;none,0,94.6,95,110,95,40,95,55,1,1,1,1,1,2,1,1,0,1,1,1,1,1,1,1,1,1
Rufflet,normal;flying,0,10.5,70,83,50,37,50,60,0.5,1,1,2,1,1,1,1,0,0.5,0,2,1,1,1,2,1,1
Braviary,normal;flying,0,41,100,123,75,57,75,80,0.5,1,1,2,1,1,1,1,0,0.5,0,2,1,1,1,2,1,1
Vullaby,dark;flying,0,9,70,55,75,45,65,60,1,0.5,1,2,2,1,1,1,0.5,0.5,0,2,1,1,0,2,1,1
Mandibuzz,dark;flying,0,39.5,110,65,105,55,95,80,1,0.5,1,2,2,1,1,1,0.5,0.5,0,2,1,1,0,2,1,1
Heatmor,fire;none,0,58,85,97,66,105,66,65,0.5,1,1,1,0.5,1,0.5,1,1,0.5,2,0.5,1,1,1,2,0.5,2
Durant,bug;steel,0,33,58,109,112,48,48,109,0.5,1,0.5,1,0.5,1,4,1,1,0.25,1,0.5,0.5,0,0.5,1,0.5,1
Deino,dark;dragon,0,17.3,52,65,50,45,50,38,2,0.5,2,0.5,4,2,0.5,1,0.5,0.5,1,2,1,1,0,1,1,0.5
Zweilous,dark;dragon,0,50,72,85,70,65,70,58,2,0.5,2,0.5,4,2,0.5,1,0.5,0.5,1,2,1,1,0,1,1,0.5
Hydreigon,dark;dragon,1,160,92,105,90,125,90,98,2,0.5,2,0.5,4,2,0.5,1,0.5,0.5,0,2,1,1,0,1,1,0.5
Larvesta,bug;fire,0,28.8,55,85,55,50,55,60,0.5,1,1,1,0.5,0.5,1,2,1,0.25,1,0.5,1,1,1,4,0.5,2
Volcarona,bug;fire,0,46,85,60,65,135,105,100,0.5,1,1,1,0.5,0.5,1,2,1,0.25,1,0.5,1,1,1,4,0.5,2
Cobalion,steel;fighting,0,250,91,90,129,90,72,108,0.25,0.5,0.5,1,1,2,2,1,1,0.5,2,0.5,0.5,0,1,0.25,0.5,1
Terrakion,rock;fighting,0,260,91,129,90,72,90,108,0.5,0.5,1,1,2,2,0.5,1,1,2,2,1,0.5,0.5,2,0.5,2,2
Virizion,grass;fighting,0,200,91,90,72,90,129,108,1,0.5,1,0.5,2,1,2,4,1,0.5,0.5,2,1,2,2,0.5,1,0.5
Tornadus Incarnate Forme,flying;none,0,63,79,115,70,125,80,111,0.5,1,1,2,1,0.5,1,1,1,0.5,0,2,1,1,1,2,1,1
Tornadus Therian Forme,flying;none,0,63,79,100,80,110,90,121,0.5,1,1,2,1,0.5,1,1,1,0.5,0,2,1,1,1,2,1,1
Thudurus Incarnate Forme,electric;flying,0,61,79,115,70,125,80,111,0.5,1,1,1,1,0.5,1,0.5,1,0.5,0,2,1,1,1,2,0.5,1
Thundurus Therian Forme,electric;flying,0,61,79,105,70,145,80,101,0.5,1,1,0,1,0.5,1,0.5,1,0.5,0,2,1,1,1,2,0.5,1
Reshiram,dragon;fire,0,330,100,120,100,150,120,90,0.5,1,2,0.5,1,1,0.25,1,1,0.25,2,1,1,1,1,2,0.5,1
Zekrom,dragon;electric,0,345,100,150,120,120,100,90,1,1,2,0.25,2,1,0.5,0.5,1,0.5,2,2,1,1,1,1,0.5,0.5
Landorus Incarnate Forme,ground;flying,0,68,89,125,90,115,80,101,0.5,1,1,0,1,0.5,1,1,1,1,0,4,1,0.5,1,1,1,2
Landorus Therian Forme,ground;flying,0,68,89,145,90,105,80,91,0.5,1,1,0,1,0.5,1,1,1,1,0,4,1,0.5,1,1,1,2
Kyurem,dragon;ice,0,325,125,130,90,130,90,95,1,1,2,0.5,2,2,1,1,1,0.5,1,1,1,1,1,2,2,0.5
Black Kyurem,dragon;ice,0,325,125,170,100,120,90,95,1,1,2,0.5,2,2,1,1,1,0.5,1,1,1,1,1,2,2,0.5
White Kyurem,dragon;ice,0,325,125,120,90,170,100,95,1,1,2,0.5,2,2,1,1,1,0.5,1,1,1,1,1,2,2,0.5
Keldeo Ordinary Forme,water;fighting,0,48.5,91,72,90,129,90,108,0.5,0.5,1,2,2,1,0.5,2,1,2,1,0.5,1,1,2,0.5,0.5,0.5
Keldeo Resolute Forme,water;fighting,0,48.5,91,72,90,129,90,108,0.5,0.5,1,2,2,1,0.5,2,1,2,1,0.5,1,1,2,0.5,0.5,0.5
Meloetta Aria Forme,normal;psychic,0,6.5,100,77,77,128,128,90,2,2,1,1,1,1,1,1,0,1,1,1,1,1,0.5,1,1,1
Meloetta Pirouette Forme,normal;fighting,0,6.5,100,128,90,77,77,128,0.5,0.5,1,1,2,2,1,2,0,1,1,1,1,1,2,0.5,1,1
Genesect,bug;steel,0,82.5,71,120,95,120,95,99,0.5,1,0.5,1,0.5,1,4,1,1,0.25,1,0.5,0.5,0,0.5,1,0.5,1
Chespin,grass;none,0,9,56,61,65,48,45,38,2,1,1,0.5,1,1,2,2,1,0.5,0.5,2,1,2,1,1,1,0.5
Quilladin,grass;none,0,29,61,78,95,56,58,57,2,1,1,0.5,1,1,2,2,1,0.5,0.5,2,1,2,1,1,1,0.5
Chesnaught,grass;fighting,0,90,88,107,122,74,75,64,1,0.5,1,0.5,2,1,2,4,1,0.5,0.5,2,1,2,2,0.5,1,0.5
Fennekin,fire;none,0,9.4,40,45,40,62,60,60,0.5,1,1,1,0.5,1,0.5,1,1,0.5,2,0.5,1,1,1,2,0.5,2
Braixen,fire;none,0,14.5,59,59,58,90,70,73,0.5,1,1,1,0.5,1,0.5,1,1,0.5,2,0.5,1,1,1,2,0.5,2
Delphox,fire;psychic,0,39,75,69,72,114,100,104,1,2,1,1,0.5,0.5,0.5,1,2,0.5,2,0.5,1,1,0.5,2,0.5,2
Froakie,water;none,0,7,41,56,40,62,44,71,1,1,1,2,1,1,0.5,1,1,2,1,0.5,1,1,1,1,0.5,0.5
Frogadier,water;none,0,10.9,54,63,52,83,56,97,1,1,1,2,1,1,0.5,1,1,2,1,0.5,1,1,1,1,0.5,0.5
Greninja,water;dark,0,40,72,95,67,103,71,122,2,0.5,1,2,2,2,0.5,1,0.5,2,1,0.5,1,1,0,1,0.5,0.5
Bunnelby,normal;none,0,5,38,36,38,32,36,57,1,1,1,1,1,2,1,1,0,1,1,1,1,1,1,1,1,1
Diggersby,normal;ground,0,42.4,85,56,77,50,77,78,1,1,1,0,1,2,1,1,0,2,1,2,1,0.5,1,0.5,1,2
Fletchling,normal;flying,0,1.7,45,50,43,40,38,62,0.5,1,1,2,1,1,1,1,0,0.5,0,2,1,1,1,2,1,1
Fletchinder,fire;flying,0,16,62,73,55,56,52,84,0.25,1,1,2,0.5,0.5,0.5,1,1,0.25,0,1,1,1,1,4,0.5,2
Talonflame,fire;flying,0,24.5,78,81,71,74,69,126,0.25,1,1,2,0.5,0.5,0.5,1,1,0.25,0,1,1,1,1,4,0.5,2
Scatterbug,bug;none,0,2.5,38,35,40,27,25,35,1,1,1,1,1,0.5,2,2,1,0.5,0.5,1,1,1,1,2,1,1
Spewpa,bug;none,0,8.4,45,22,60,27,30,29,1,1,1,1,1,0.5,2,2,1,0.5,0.5,1,1,1,1,2,1,1
Vivillon,bug;flying,0,17,80,52,50,90,50,89,0.5,1,1,2,1,0.25,2,2,1,0.25,0,2,1,1,1,4,1,1
Litleo,fire;normal,0,13.5,62,50,58,73,54,72,0.5,1,1,1,0.5,2,0.5,1,0,0.5,2,0.5,1,1,1,2,0.5,2
Pyroar,fire;normal,0,81.5,86,68,72,109,66,106,0.5,1,1,1,0.5,2,0.5,1,0,0.5,2,0.5,1,1,1,2,0.5,2
Flabebe,fairy;none,0,0.1,44,38,39,61,79,42,0.5,0.5,0,1,1,0.5,1,1,1,1,1,1,1,2,1,1,2,1
Floette,fairy;none,0,0.9,54,45,47,75,98,52,0.5,0.5,0,1,1,0.5,1,1,1,1,1,1,1,2,1,1,2,1
Florges,fairy;none,0,10,78,65,68,112,154,75,0.5,0.5,0,1,1,0.5,1,1,1,1,1,1,1,2,1,1,2,1
Skiddo,grass;none,0,31,66,65,48,62,57,52,2,1,1,0.5,1,1,2,2,1,0,0.5,2,1,2,1,1,1,0.5
Gogoat,grass;none,0,91,123,100,62,97,81,68,2,1,1,0.5,1,1,2,2,1,0,0.5,2,1,2,1,1,1,0.5
Pancham,fighting;none,0,8,67,82,62,46,48,43,0.5,0.5,1,1,2,1,1,2,1,1,1,1,1,1,2,0.5,1,1
Pangoro,fighting;dark,0,136,95,124,78,69,71,58,1,0.25,1,1,4,2,1,2,0.5,1,1,1,1,1,0,0.5,1,1
Furfrou,normal;none,0,28,75,80,60,65,90,102,1,1,1,1,1,2,1,1,0,1,1,1,1,1,1,1,1,1
Espurr,psychic;none,0,3.5,62,48,54,63,60,68,2,2,1,1,1,0.5,1,1,2,1,1,1,1,1,0.5,1,1,1
Meowstic Male,psychic;none,0,8.5,74,48,76,83,81,104,2,2,1,1,1,0.5,1,1,2,1,1,1,1,1,0.5,1,1,1
Meowstic Female,psychic;none,0,8.5,74,48,76,83,81,104,2,2,1,1,1,0.5,1,1,2,1,1,1,1,1,0.5,1,1,1
Honedge,steel;ghost,0,2,45,80,100,35,37,28,0.25,2,0.5,1,0.5,0,2,0.5,2,0.5,2,0.5,0,0,0.5,0.5,0.5,1
Doublade,steel;ghost,0,4.5,59,110,150,45,49,35,0.25,2,0.5,1,0.5,0,2,0.5,2,0.5,2,0.5,0,0,0.5,0.5,0.5,1
Aegislash Blade Forme,steel;ghost,0,53,60,150,50,150,50,60,0.25,2,0.5,1,0.5,0,2,0.5,2,0.5,2,0.5,0,0,0.5,0.5,0.5,1
Aegislash Shield Forme,steel;ghost,0,53,60,50,150,50,150,60,0.25,2,0.5,1,0.5,0,2,0.5,2,0.5,2,0.5,0,0,0.5,0.5,0.5,1
Spritzee,fairy;none,0,0.5,78,52,60,63,65,23,0.5,0.5,0,1,1,0.5,1,1,1,1,1,1,1,2,1,1,2,1
Aromatisse,fairy;none,0,15.5,101,72,72,99,89,29,0.5,0.5,0,1,1,0.5,1,1,1,1,1,1,1,2,1,1,2,1
Swirlix,fairy;none,0,3.5,62,48,66,59,57,49,0.5,0.5,0,1,1,0.5,1,1,1,1,1,1,1,2,1,1,2,1
Slurpuff,fairy;none,0,5,82,80,86,85,75,72,0.5,0.5,0,1,1,0.5,1,1,1,1,1,1,1,2,1,1,2,1
Inkay,dark;psychic,0,3.5,53,54,53,37,46,45,4,1,1,1,2,1,1,1,1,1,1,1,1,1,0,1,1,1
Malamar,dark;psychic,0,47,86,92,88,68,75,73,4,1,1,1,2,1,1,1,1,1,1,1,1,1,0,1,1,1
Binacle,rock;water,0,31,42,52,67,39,56,50,1,1,1,2,1,2,0.25,0.5,1,4,2,0.5,0.5,0.5,1,1,1,1
Barbaracle,rock;water,0,96,72,105,115,54,86,68,1,1,1,2,1,2,0.25,0.5,1,4,2,0.5,0.5,0.5,1,1,1,1
Skrelp,poison;water,0,7.3,50,60,60,60,60,30,0.5,1,1,2,0.5,0.5,0.5,1,1,1,2,0.5,1,0.5,2,1,0.5,0.5
Dragalge,poison;dragon,0,81.5,65,75,90,97,123,44,0.5,1,2,0.5,1,0.5,0.5,1,1,0.25,2,2,1,0.5,2,1,1,0.5
Clauncher,water;none,0,8.3,50,53,62,58,63,44,1,1,1,2,1,1,0.5,1,1,2,1,0.5,1,1,1,1,0.5,0.5
Clawitzer,water;none,0,35.3,71,73,88,120,89,59,1,1,1,2,1,1,0.5,1,1,2,1,0.5,1,1,1,1,0.5,0.5
Helioptile,electric;normal,0,6,44,38,33,61,43,70,1,1,1,0.5,1,2,1.25,0.5,0,1,2,1,1,1,1,1,0.5,0
Heliolisk,electric;normal,0,21,62,55,52,109,94,109,1,1,1,0.5,1,2,1.25,0.5,0,1,2,1,1,1,1,1,0.5,0
Tyrunt,rock;dragon,0,26,58,89,77,45,45,48,1,1,2,0.5,2,2,0.25,0.5,1,1,2,2,0.5,0.5,1,1,2,1
Tyrantrum,rock;dragon,0,270,82,121,119,69,59,71,1,1,2,0.5,2,2,0.25,0.5,1,1,2,2,0.5,0.5,1,1,2,1
Amaura,rock;ice,0,25.2,77,59,50,67,63,46,1,1,1,1,1,4,1,0.5,1,2,2,0.5,0.5,0.5,1,2,4,2
Aurorus,rock;ice,0,225,123,77,72,99,92,58,1,1,1,1,1,4,1,0.5,1,2,2,0.5,0.5,0.5,1,2,4,2
Sylveon,fairy;none,0,23.5,95,65,65,110,130,60,0.5,0.5,0,1,1,0.5,1,1,1,1,1,1,1,2,1,1,2,1
Hawlucha,fighting;flying,0,21.5,78,92,75,74,63,118,0.25,0.5,1,2,2,0.5,1,2,1,0.5,0,2,1,1,2,1,1,1
Dedenne,electric;fairy,0,2.2,67,58,57,81,67,101,0.5,0.5,0,0.5,1,0.5,1,0.5,1,1,2,1,1,2,1,1,1,1
Carbink,rock;fairy,0,5.7,50,50,150,50,150,50,0.5,0.5,0,1,1,1,0.5,0.5,1,2,2,1,0.5,1,1,1,4,2
Goomy,dragon;none,0,2.8,45,50,35,55,75,40,1,1,2,0.5,2,1,0.5,1,1,0,1,2,1,1,1,1,1,0.5
Sliggoo,dragon;none,0,17.5,68,75,53,83,113,60,1,1,2,0.5,2,1,0.5,1,1,0,1,2,1,1,1,1,1,0.5
Goodra,dragon;none,0,150.5,90,100,70,110,150,80,1,1,2,0.5,2,1,0.5,1,1,0,1,2,1,1,1,1,1,0.5
Klefki,steel;fairy,0,3,57,80,91,80,87,75,0.25,0.5,0,1,0.5,1,2,0.5,1,0.5,2,0.5,0.5,0,0.5,0.5,1,1
Phantump,ghost;grass,0,7,43,70,48,50,60,38,1,2,1,0.5,1,0,2,2,2,0.5,0.5,2,0,1,1,1,1,0.5
Trevenant,ghost;grass,0,71,85,110,76,65,82,56,1,2,1,0.5,1,0,2,2,2,0.5,0.5,2,0,1,1,1,1,0.5
Pumpkaboo ,ghost;grass,0,15,59,66,70,44,55,41,1,2,1,0.5,1,0,2,2,2,0.5,0.5,2,0,1,1,1,1,0.5
Gourgeist,ghost;grass,0,12.5,65,90,122,58,75,84,1,2,1,0.5,1,0,2,2,2,0.5,0.5,2,0,1,1,1,1,0.5
Bergmite,ice;none,0,99.5,55,69,85,32,35,28,1,1,1,1,1,2,2,1,1,1,1,0.5,1,1,1,2,2,1
Avalugg,ice;none,0,505,95,117,184,44,46,28,1,1,1,1,1,2,2,1,1,1,1,0.5,1,1,1,2,2,1
Noibat,flying;dragon,0,8,40,30,35,45,40,55,0.5,1,2,1,2,0.5,0.5,1,1,0.25,0,4,1,1,1,2,1,0.5
Noivern,flying;dragon,0,85,85,70,80,97,80,123,0.5,1,2,1,2,0.5,0.5,1,1,0.25,0,4,1,1,1,2,1,0.5
Xerneas,fairy;none,0,215,126,131,95,131,98,99,0.5,0.5,0,1,1,0.5,1,1,1,1,1,1,1,2,1,1,2,1
Yveltal,dark;flying,0,203,126,131,95,131,98,99,1,0.5,1,2,2,1,1,1,0.5,0.5,0,2,1,1,0,2,1,1
Zygarde 50% Forme,dragon;ground,0,305,108,100,121,81,95,95,1,1,2,0,2,1,0.5,1,1,1,1,4,1,0.5,1,0.5,1,1
Zygarde 10% Forme,dragon;ground,0,33.5,54,100,71,61,85,115,1,1,2,0,2,1,0.5,1,1,1,1,4,1,0.5,1,0.5,1,1
Zygarde Complete Forme,dragon;ground,0,610,216,100,121,91,95,85,1,1,2,0,2,1,0.5,1,1,1,1,4,1,0.5,1,0.5,1,1
Diancie,rock;fairy,0,8.8,50,100,150,100,150,50,0.5,0.5,0,1,1,1,0.5,0.5,1,2,2,1,0.5,1,1,1,4,2
Mega Diancie,rock;fairy,0,27.8,50,160,110,160,110,110,0.5,0.5,0,1,1,1,0.5,0.5,1,2,2,1,0.5,1,1,1,4,2
Hoopa Confined,psychic;ghost,0,9,80,110,60,150,130,70,1,4,1,1,1,0,1,1,4,1,1,1,0,0.5,0.5,1,1,1
Hoopa Unbound,psychic;dark,0,490,80,160,60,170,130,80,4,1,1,1,2,1,1,1,1,1,1,1,1,1,0,1,1,1
Volcanion,fire;water,0,195,80,110,120,130,90,70,0.5,1,1,2,0.5,1,0.25,1,1,1,2,0.25,1,1,1,2,0.25,0
Rowlet,grass;flying,0,1.5,68,55,55,50,50,42,1,1,1,1,1,0.5,2,2,1,0.25,0,4,1,2,1,2,1,0.5
Dartrix,grass;flying,0,16,78,75,75,70,70,52,1,1,1,1,1,0.5,2,2,1,0.25,0,4,1,2,1,2,1,0.5
Decidueye,grass;ghost,0,36.6,78,107,75,100,100,70,1,2,1,0.5,1,0,2,2,2,0.5,0.5,2,0,1,1,1,1,0.5
Litten,fire;none,0,4.3,45,65,40,60,40,70,0.5,1,1,1,0.5,1,0.5,1,1,0.5,2,0.5,1,1,1,2,0.5,2
Torracat,fire;none,0,25,65,85,50,80,50,90,0.5,1,1,1,0.5,1,0.5,1,1,0.5,2,0.5,1,1,1,2,0.5,2
Incineroar,fire;dark,0,83,95,115,90,80,90,60,1,0.5,1,1,1,2,0.5,1,0.5,0.5,2,0.5,1,1,0,2,0.5,2
Popplio,water;none,0,7.5,50,54,54,66,56,40,1,1,1,2,1,1,0.5,1,1,2,1,0.5,1,1,1,1,0.5,0.5
Brionne,water;none,0,17.5,60,69,69,91,81,50,1,1,1,2,1,1,0.5,1,1,2,1,0.5,1,1,1,1,0.5,0.5
Primarina,water;fairy,0,44,80,74,74,126,116,60,0.5,0.5,0,2,1,0.5,0.5,1,1,2,1,0.5,1,2,1,1,1,0.5
Pikipek,normal;flying,0,1.2,35,75,30,30,30,65,0.5,1,1,2,1,1,1,1,0,0.5,0,2,1,1,1,2,1,1
Trumbeak,normal;flying,0,14.8,55,85,50,40,50,75,0.5,1,1,2,1,1,1,1,0,0.5,0,2,1,1,1,2,1,1
Toucannon,normal;flying,0,26,80,120,75,75,75,60,0.5,1,1,2,1,1,1,1,0,0.5,0,2,1,1,1,2,1,1
Yungoos,normal;none,0,6,48,70,30,30,30,45,1,1,1,1,1,2,1,1,0,1,1,1,1,1,1,1,1,1
Gumshoos,normal;none,0,14.2,88,110,60,55,60,45,1,1,1,1,1,2,1,1,0,1,1,1,1,1,1,1,1,1
Grubbin,bug;none,0,4.4,47,62,45,55,45,46,1,1,1,1,1,0.5,2,2,1,0.5,0.5,1,1,1,1,2,1,1
Charjabug,bug;electric,0,10.5,57,82,95,55,75,36,1,1,1,0.5,1,0.5,2,1,1,0.5,1,1,1,1,1,2,0.5,1
Vikavolt,bug;electric,1,45,77,70,90,145,75,43,1,1,1,0.5,1,0.5,2,1,1,0.5,0,1,1,1,1,2,0.5,1
Crabrawler,fighting;none,0,7,47,82,57,42,47,63,0.5,0.5,1,1,2,1,1,2,1,1,1,1,1,1,2,0.5,1,1
Crabominable,fighting;ice,0,180,97,132,77,62,67,43,0.5,0.5,1,1,2,2,2,2,1,1,1,0.5,1,1,2,1,2,1
Oricorio Baile Style,fire;flying,0,3.4,75,70,70,98,70,93,0.25,1,1,2,0.5,0.5,0.5,1,1,0.25,0,1,1,1,1,4,0.5,2
Oricorio Pom-Pom Style,electric;flying,0,3.4,75,70,70,98,70,93,0.5,1,1,1,1,0.5,1,0.5,1,0.5,0,2,1,1,1,2,0.5,1
Oricorio Pa'u Style,psychic;flying,0,3.4,75,70,70,98,70,93,1,2,1,2,1,0.25,1,1,2,0.5,0,2,1,1,0.5,2,1,1
Oricorio Sensu Style,ghost;flying,0,3.4,75,70,70,98,70,93,0.25,2,1,2,1,0,1,1,2,0.5,0,2,0,0.5,1,2,1,1
Cutiefly,bug;fairy,0,0.2,40,45,40,55,40,84,0.5,0.5,0,1,1,0.25,2,2,1,0.5,0.5,1,1,2,1,2,2,1
Ribombee,bug;fairy,0,0.5,60,55,60,95,70,124,0.5,0.5,0,1,1,0.25,2,2,1,0.5,0.5,1,1,2,1,2,2,1
Rockruff,rock;none,0,9.2,45,65,40,30,40,60,1,1,1,1,1,2,0.5,0.5,1,2,2,1,0.5,0.5,1,1,2,2
Lycanroc Midday Form,rock;none,0,25,75,115,65,55,65,112,1,1,1,1,1,2,0.5,0.5,1,2,2,1,0.5,0.5,1,1,2,2
Lycanroc Midnight Form,rock;none,0,25,85,115,75,55,75,82,1,1,1,1,1,2,0.5,0.5,1,2,2,1,0.5,0.5,1,1,2,2
Lycanroc Dusk Form,rock;none,0,25,75,117,65,55,65,110,1,1,1,1,1,2,0.5,0.5,1,2,2,1,0.5,0.5,1,1,2,2
WishiwashiSolo Form,water;none,0,0.3,45,20,20,25,25,40,1,1,1,2,1,1,0.5,1,1,2,1,0.5,1,1,1,1,0.5,0.5
Wishiwashi School Form,water;none,0,78.6,45,140,130,140,135,30,1,1,1,2,1,1,0.5,1,1,2,1,0.5,1,1,1,1,0.5,0.5
Mareanie,poison;water,0,8,50,53,62,43,52,45,0.5,1,1,2,0.5,0.5,0.5,1,1,1,2,0.5,1,0.5,2,1,0.5,0.5
Toxapex,poison;water,0,14.5,50,63,152,53,142,35,0.5,1,1,2,0.5,0.5,0.5,1,1,1,2,0.5,1,0.5,2,1,0.5,0.5
Mudbray,ground;none,0,110,70,100,70,45,55,45,1,1,1,0,1,1,1,1,1,2,1,2,1,0.5,1,0.5,1,2
Mudsdale,ground;none,0,920,100,125,100,55,85,35,1,1,1,0,1,1,1,1,1,2,1,2,1,0.5,1,0.5,1,2
Dewpider,water;bug,0,4,38,40,52,40,72,27,1,1,1,2,1,0.5,0.5,2,1,1,0.5,0.5,1,1,1,2,0.5,0.5
Araquanid,water;bug,0,82,68,70,92,50,132,42,1,1,1,2,1,0.5,0.5,2,1,1,0.5,0.5,1,1,1,2,0.5,0.5
Fomantis,grass;none,0,1.5,40,55,35,50,35,35,2,1,1,0.5,1,1,2,2,1,0.5,0.5,2,1,2,1,1,1,0.5
Lurantis,grass;none,0,18.5,70,105,90,80,90,45,2,1,1,0.5,1,1,2,2,1,0.5,0.5,2,1,2,1,1,1,0.5
Morelull,grass;fairy,0,1.5,40,35,55,65,75,15,1,0.5,0,0.5,1,0.5,2,2,1,0.5,0.5,2,1,4,1,1,2,0.5
Shiinotic,grass;fairy,0,11.5,60,45,80,90,100,30,1,0.5,0,0.5,1,0.5,2,2,1,0.5,0.5,2,1,4,1,1,2,0.5
Salandit,poison;fire,0,4.8,48,44,40,71,40,77,0.25,1,1,1,0.25,0.5,0.5,1,1,0.25,4,0.5,1,0.5,2,2,0.5,2
Salazzle,poison;fire,0,22.2,68,64,60,111,60,117,0.25,1,1,1,0.25,0.5,0.5,1,1,0.25,4,0.5,1,0.5,2,2,0.5,2
Stufful,normal;fighting,0,6.8,70,75,50,45,50,50,0.5,0.5,1,1,2,2,2,2,0,1,1,1,1,1,2,0.5,1,1
Bewear,normal;fighting,0,135,120,125,80,55,60,60,0.5,0.5,1,1,2,2,2,2,0,1,1,1,1,1,2,0.5,1,1
Bounsweet,grass;none,0,3.2,42,30,38,30,38,32,2,1,1,0.5,1,1,2,2,1,0.5,0.5,2,1,2,1,1,1,0.5
Steenee,grass;none,0,8.2,52,40,48,40,48,62,2,1,1,0.5,1,1,2,2,1,0.5,0.5,2,1,2,1,1,1,0.5
Tsareena,grass;none,0,21.4,72,120,98,50,98,72,2,1,1,0.5,1,1,2,2,1,0.5,0.5,2,1,2,1,1,1,0.5
Comfey,fairy;none,0,0.3,51,52,90,82,110,100,0.5,0.5,0,1,1,0.5,1,1,1,1,1,1,1,2,1,1,2,1
Oranguru,normal;psychic,0,76,90,60,80,90,110,60,2,2,1,1,1,1,1,1,0,1,1,1,1,1,0.5,1,1,1
Passimian,fighting;none,0,82.8,100,120,90,40,60,80,0.5,0.5,1,1,2,1,1,2,1,1,1,1,1,1,2,0.5,1,1
Wimpod,bug;water,0,12,25,35,40,20,30,80,1,1,1,2,1,0.5,1,2,1,1,0.5,0.5,1,1,1,2,0.5,0.5
Golisopod,bug;water,0,108,75,125,140,60,90,40,1,1,1,2,1,0.5,1,2,1,1,0.5,0.5,1,1,1,2,0.5,0.5
Sandygast,ghost;ground,0,70,55,55,80,70,45,15,0.5,2,1,0,1,0,1,1,2,2,1,2,0,0.25,1,0.5,1,2
Palossand,ghost;ground,0,250,85,75,110,100,75,35,0.5,2,1,0,1,0,1,1,2,2,1,2,0,0.25,1,0.5,1,2
Pyukumuku,water;none,0,1.2,55,60,130,30,130,5,1,1,1,2,1,1,0.5,1,1,2,1,0.5,1,1,1,1,0.5,0.5
Type: Null,normal;none,0,120.5,95,95,95,95,95,59,1,1,1,1,1,2,1,1,0,1,1,1,1,1,1,1,1,1
Silvally,normal;none,0,100.5,95,95,95,95,95,95,1,1,1,1,1,2,1,1,0,1,1,1,1,1,1,1,1,1
Minior Meteor Form,rock;flying,0,40,60,60,100,60,100,60,0.5,1,1,2,1,1,0.5,0.5,1,1,0,2,0.5,0.5,1,2,2,2
Minior Core Form,rock;flying,0,0.3,60,100,60,100,60,120,0.5,1,1,2,1,1,0.5,0.5,1,1,0,2,0.5,0.5,1,2,2,2
Komala,normal;none,0,19.9,65,115,65,75,95,65,1,1,1,1,1,2,1,1,0,1,1,1,1,1,1,1,1,1
Turtonator,fire;dragon,0,212,60,78,135,91,85,36,0.5,1,2,0.5,1,1,0.25,1,1,0.25,2,1,1,1,1,2,0.5,1
Togedemaru,electric;steel,0,3.3,65,98,63,40,73,96,0.5,1,0.5,0.5,0.5,2,2,0.25,1,0.5,4,0.5,0.5,0,0.5,0.5,0.25,1
Mimikyu,ghost;fairy,0,0.7,55,90,80,50,105,96,0.25,1,0,1,1,0,1,1,2,1,1,1,0,1,1,1,2,1
Bruxish,water;psychic,0,19,68,105,70,70,70,92,2,2,1,2,1,0.5,0.5,1,2,2,1,0.5,1,1,0.5,1,0.5,0.5
Drampa,normal;dragon,0,185,78,60,85,135,91,36,1,1,2,0.5,2,2,0.5,1,0,0.5,1,2,1,1,1,1,1,0.5
Dhelmise,ghost;grass,0,210,70,131,100,86,90,40,1,2,1,0.5,1,0,2,2,2,0.5,0.5,2,0,1,1,1,1,0.5
Jangmo-o,dragon;none,0,29.7,45,55,65,45,45,45,1,1,2,0.5,2,1,0.5,1,1,0.5,1,2,1,1,1,1,1,0.5
Hakamo-o,dragon;fighting,0,47,55,75,90,65,70,65,0.5,0.5,2,0.5,4,1,0.5,2,1,0.5,1,2,1,1,2,0.5,1,0.5
Kommo-o,dragon;fighting,0,78.2,75,110,125,100,105,85,0.5,0.5,2,0.5,4,1,0.5,2,1,0.5,1,2,1,1,2,0.5,1,0.5
Tapu Koko,electric;fairy,0,20.5,70,115,85,95,75,130,0.5,0.5,0,0.5,1,0.5,1,0.5,1,1,2,1,1,2,1,1,1,1
Tapu Lele,psychic;fairy,0,18.6,70,85,75,130,115,95,1,1,0,1,1,0.25,1,1,2,1,1,1,1,2,0.5,1,2,1
Tapu Bulu,grass;fairy,0,45.5,70,130,115,85,95,75,1,0.5,0,0.5,1,0.5,2,2,1,0.5,0.5,2,1,4,1,1,2,0.5
Tapu Fini,water;fairy,0,21.2,70,75,115,95,130,85,0.5,0.5,0,2,1,0.5,0.5,1,1,2,1,0.5,1,2,1,1,1,0.5
Cosmog,psychic;none,0,0.1,43,29,31,29,31,37,2,2,1,1,1,0.5,1,1,2,1,1,1,1,1,0.5,1,1,1
Cosmoem,psychic;none,0,999.9,43,29,131,29,131,37,2,2,1,1,1,0.5,1,1,2,1,1,1,1,1,0.5,1,1,1
Solgaleo,psychic;steel,0,230,137,137,107,113,89,97,1,2,0.5,1,0.5,1,2,0.5,2,0.5,2,0.5,0.5,0,0.25,0.5,0.5,1
Lunala,psychic;ghost,0,120,137,113,89,137,107,97,1,4,1,1,1,0,1,1,4,1,1,1,0,0.5,0.5,1,1,1
Nihilego,rock;poison,0,55.5,109,53,47,127,131,103,0.5,1,1,1,0.5,1,0.5,0.5,1,1,4,1,0.5,0.25,2,1,2,2
Buzzwole,bug;fighting,0,333.6,107,139,139,53,53,79,0.5,0.5,1,1,2,0.5,2,4,1,0.5,0.5,1,1,1,2,1,1,1
Pheromosa,bug;fighting,0,25,71,137,37,137,37,151,0.5,0.5,1,1,2,0.5,2,4,1,0.5,0.5,1,1,1,2,1,1,1
Xurkitree,electric;none,0,100,83,89,71,173,71,83,1,1,1,0.5,1,1,1,0.5,1,1,2,1,1,1,1,1,0.5,1
Celesteela,steel;flying,0,999.9,97,101,103,107,101,61,0.25,1,0.5,2,0.5,1,2,0.5,1,0.25,0,1,0.5,0,0.5,1,0.5,1
Kartana,grass;steel,0,0.1,59,181,131,59,31,109,1,1,0.5,0.5,0.5,2,4,1,1,0.25,1,1,0.5,0,0.5,0.5,0.5,0.5
Guzzlord,dark;dragon,0,888,223,101,53,97,53,43,2,0.5,2,0.5,4,2,0.5,1,0.5,0.5,1,2,1,1,0,1,1,0.5
Necrozma,psychic;none,0,230,97,107,101,127,89,79,1.5,1.5,1,1,1,0.5,1,1,1.5,1,1,1,1,1,0.5,1,1,1
Dusk Mane Necrozma,psychic;steel,0,460,97,157,127,113,109,77,1,1.5,0.5,1,0.5,1,1.5,0.5,1.5,0.5,1.5,0.5,0.5,0,0.25,0.5,0.5,1
Dawn Wings Necrozma,psychic;ghost,0,350,97,113,109,157,127,77,1,3,1,1,1,0,1,1,3,1,1,1,0,0.5,0.5,1,1,1
Ultra Necrozma,psychic;dragon,0,230,97,167,97,167,97,129,2,2,2,0.5,2,0.5,0.5,1,2,0.5,1,2,1,1,0.5,1,1,0.5
Magearna,steel;fairy,0,80.5,80,95,115,130,115,65,0.25,0.5,0,1,0.5,1,2,0.5,1,0.5,2,0.5,0.5,0,0.5,0.5,1,1
Marshadow,fighting;ghost,0,22.2,90,125,80,90,90,125,0.25,1,1,1,2,0,1,2,2,1,1,1,0,0.5,2,0.5,1,1
Poipole,poison;none,0,1.8,67,73,67,73,67,73,0.5,1,1,1,0.5,0.5,1,1,1,0.5,2,1,1,0.5,2,1,1,1
Naganadel,poison;dragon,0,150,73,73,73,127,73,121,0.5,1,2,0.5,1,0.5,0.5,1,1,0.25,2,2,1,0.5,2,1,1,0.5
Stakataka,rock;steel,0,820,61,131,211,53,101,13,0.5,1,0.5,1,0.5,4,1,0.25,1,1,4,0.5,0.25,0,0.5,0.5,1,2
Blacephalon,fire;ghost,0,13,53,127,53,151,79,107,0.25,2,1,1,0.5,0,0.5,1,2,0.5,2,0.5,0,0.5,1,2,0.5,2
Zeraora,electric;none,0,44.5,88,112,75,102,80,143,1,1,1,0,1,1,1,0.5,1,1,2,1,1,1,1,1,0.5,1
Meltan,steel;none,0,8,46,65,65,55,35,34,0.5,1,0.5,1,0.5,2,2,0.5,1,0.5,2,0.5,0.5,0,0.5,0.5,0.5,1
Melmetal,steel;none,0,800,135,143,143,80,65,34,0.5,1,0.5,1,0.5,2,2,0.5,1,0.5,2,0.5,0.5,0,0.5,0.5,0.5,1
Grookey,grass;none,0,5,50,65,50,40,40,65,2,1,1,0.5,1,1,2,2,1,0.5,0.5,2,1,2,1,1,1,0.5
Thwackey,grass;none,0,14,70,85,70,55,60,80,2,1,1,0.5,1,1,2,2,1,0.5,0.5,2,1,2,1,1,1,0.5
Rillaboom,grass;none,0,90,100,125,90,60,70,85,2,1,1,0.5,1,1,2,2,1,0.5,0.5,2,1,2,1,1,1,0.5
Scorbunny,fire;none,0,4.5,50,71,40,40,40,69,0.5,1,1,1,0.5,1,0.5,1,1,0.5,2,0.5,1,1,1,2,0.5,2
Raboot,fire;none,0,9,65,86,60,55,60,94,0.5,1,1,1,0.5,1,0.5,1,1,0.5,2,0.5,1,1,1,2,0.5,2
Cinderace,fire;none,0,33,80,116,75,65,75,119,0.5,1,1,1,0.5,1,0.5,1,1,0.5,2,0.5,1,1,1,2,0.5,2
Sobble,water;none,0,4,50,40,40,70,40,70,1,1,1,2,1,1,0.5,1,1,2,1,0.5,1,1,1,1,0.5,0.5
Drizzile,water;none,0,11.5,65,60,55,95,55,90,1,1,1,2,1,1,0.5,1,1,2,1,0.5,1,1,1,1,0.5,0.5
Inteleon,water;none,0,45.2,70,85,65,125,65,120,1,1,1,2,1,1,0.5,1,1,2,1,0.5,1,1,1,1,0.5,0.5
Skwovet,normal;none,0,2.5,70,55,55,35,35,25,1,1,1,1,1,2,1,1,0,1,1,1,1,1,1,1,1,1
Greedent,normal;none,0,6,120,95,95,55,75,20,1,1,1,1,1,2,1,1,0,1,1,1,1,1,1,1,1,1
Rookidee,flying;none,0,1.8,38,47,35,33,35,57,0.5,1,1,2,1,0.5,1,1,1,0.5,0,2,1,1,1,2,1,1
Corvisquire,flying;none,0,16,68,67,55,43,55,77,0.5,1,1,2,1,0.5,1,1,1,0.5,0,2,1,1,1,2,1,1
Corviknight,flying;steel,0,75,98,87,105,53,85,67,0.25,1,0.5,2,0.5,1,2,0.5,1,0.25,0,1,0.5,0,0.5,1,0.5,1
Blipbug,bug;none,0,8,25,20,20,25,45,45,1,1,1,1,1,0.5,2,2,1,0.5,0.5,1,1,1,1,2,1,1
Dottler,bug;psychic,0,19.5,50,35,80,50,90,30,2,2,1,1,1,0.25,2,2,2,0.5,0.5,1,1,1,0.5,2,1,1
Orbeetle,bug;psychic,0,40.8,60,45,110,80,120,90,2,2,1,1,1,0.25,2,2,2,0.5,0.5,1,1,1,0.5,2,1,1
Nickit,dark;none,0,8.9,40,28,28,47,52,50,2,0.5,1,1,2,2,1,1,0.5,1,1,1,1,1,0,1,1,1
Thievul,dark;none,0,19.9,70,58,58,87,92,90,2,0.5,1,1,2,2,1,1,0.5,1,1,1,1,1,0,1,1,1
Gossifleur,grass;none,0,2.2,40,40,60,40,60,10,2,1,1,0.5,1,1,2,2,1,0.5,0.5,2,1,2,1,1,1,0.5
Eldegoss,grass;none,0,2.5,60,50,90,80,120,60,2,1,1,0.5,1,1,2,2,1,0.5,0.5,2,1,2,1,1,1,0.5
Wooloo,normal;none,0,6,42,40,55,40,45,48,1,1,1,1,1,2,2,1,0,1,1,1,1,1,1,1,1,1
Dubwool,normal;none,0,43,72,80,100,60,90,88,1,1,1,1,1,2,2,1,0,1,1,1,1,1,1,1,1,1
Chewtle,water;none,0,8.5,50,64,50,38,38,44,1,1,1,2,1,1,0.5,1,1,2,1,0.5,1,1,1,1,0.5,0.5
Drednaw,water;rock,0,115.5,90,115,90,48,68,74,1,1,1,2,1,2,0.25,0.5,1,4,2,0.5,0.5,0.5,1,1,1,1
Yamper,electric;none,0,13.5,59,45,50,40,50,26,1,1,1,0.5,1,1,1,0.5,1,1,2,1,1,1,1,1,0.5,1
Boltund,electric;none,0,34,69,90,60,90,60,121,1,1,1,0.5,1,1,1,0.5,1,1,2,1,1,1,1,1,0.5,1
Rolycoly,rock;none,0,12,30,40,50,40,50,30,1,1,1,1,1,2,0.5,0.5,1,2,2,1,0.5,0.5,1,1,2,2
Carkol,rock;fire,0,78,80,60,90,60,70,50,0.5,1,1,1,0.5,2,0.25,0.5,1,1,4,0.5,0.5,0.5,1,2,1,4
Coalossal,rock;fire,0,310.5,110,80,120,80,90,30,0.5,1,1,1,0.5,2,0.25,0.5,1,1,4,0.5,0.5,0.5,1,2,1,4
Applin,grass;dragon,0,0.5,40,40,80,40,40,20,2,1,2,0.25,2,1,1,2,1,0.25,0.5,4,1,2,1,1,1,0.25
Flapple,grass;dragon,0,1,70,110,80,95,60,70,2,1,2,0.25,2,1,1,2,1,0.25,0.5,4,1,2,1,1,1,0.25
Appletun,grass;dragon,0,13,110,85,80,100,80,30,2,1,2,0.25,2,1,1,2,1,0.25,0.5,4,1,2,1,1,1,0.25
Silicobra,ground;none,0,7.6,52,57,75,35,50,46,1,1,1,0,1,1,1,1,1,2,1,2,1,0.5,1,0.5,1,2
Sandaconda,ground;none,0,65.5,72,107,125,65,70,71,1,1,1,0,1,1,1,1,1,2,1,2,1,0.5,1,0.5,1,2
Cramorant,flying;water,0,18,70,85,55,85,95,85,0.5,1,1,4,1,0.5,0.5,1,1,1,0,1,1,1,1,2,0.5,0.5
Arrokuda,water;none,0,1,41,63,40,40,30,66,1,1,1,2,1,1,0.5,1,1,2,1,0.5,1,1,1,1,0.5,0.5
Barraskewda,water;none,0,30,61,123,60,60,50,136,1,1,1,2,1,1,0.5,1,1,2,1,0.5,1,1,1,1,0.5,0.5
Toxel,electric;poison,0,11,40,38,35,54,35,40,0.5,1,1,0.5,0.5,0.5,1,0.5,1,0.5,4,1,1,0.5,2,1,0.5,1
Toxtricity Low Key Form,electric;poison,0,40,75,98,70,114,70,75,0.5,1,1,0.5,0.5,0.5,1,0.5,1,0.5,4,1,1,0.5,2,1,0.5,1
Toxtricity Amped Form,electric;poison,0,40,75,98,70,114,70,75,0.5,1,1,0.5,0.5,0.5,1,0.5,1,0.5,4,1,1,0.5,2,1,0.5,1
Sizzlipede,fire;bug,0,1,50,65,45,50,50,45,0.5,1,1,1,0.5,0.5,0,2,1,0.25,1,0.5,1,1,1,4,0.5,2
Centiskorch,fire;bug,0,120,100,115,65,90,90,65,0.5,1,1,1,0.5,0.5,0,2,1,0.25,1,0.5,1,1,1,4,0.5,2
Clobbopus,fighting;none,0,4,50,68,60,50,50,32,0.5,0.5,1,1,2,1,1,2,1,1,1,1,1,1,2,0.5,1,1
Grapploct,fighting;none,0,39,80,118,90,70,80,42,0.5,0.5,1,1,2,1,1,2,1,1,1,1,1,1,2,0.5,1,1
Sinistea,ghost;none,0,0.2,40,45,45,74,54,50,0.5,2,1,1,1,0,1,1,2,1,1,1,0,0.5,1,1,1,1
Polteageist,ghost;none,0,0.4,60,65,65,134,114,70,0.5,2,1,1,1,0,1,1,2,1,1,1,0,0.5,1,1,1,1
Hatenna,psychic;none,0,3.4,42,30,45,56,53,39,2,2,1,1,1,0.5,1,1,2,1,1,1,1,1,0.5,1,1,1
Hattrem,psychic;none,0,4.8,57,40,65,86,73,49,2,2,1,1,1,0.5,1,1,2,1,1,1,1,1,0.5,1,1,1
Hatterene,psychic;fairy,0,5,57,90,95,136,103,29,1,1,0,1,1,0.25,1,1,2,1,1,1,1,2,0.5,1,2,1
Impidimp,dark;fairy,0,5.5,45,45,30,55,40,50,1,0.25,0,1,2,1,1,1,0.5,1,1,1,1,2,0,1,2,1
Morgrem,dark;fairy,0,12.5,65,60,45,75,55,70,1,0.25,0,1,2,1,1,1,0.5,1,1,1,1,2,0,1,2,1
Grimmsnarl,dark;fairy,0,61,95,120,65,95,75,60,1,0.25,0,1,2,1,1,1,0.5,1,1,1,1,2,0,1,2,1
Obstagoon,dark;normal,0,46,93,90,101,60,81,95,2,0.5,1,1,2,4,1,1,0,1,1,1,1,1,0,1,1,1
Perrserker,steel;none,0,28,70,110,100,50,60,50,0.5,1,0.5,1,0.5,2,2,0.5,1,0.5,2,0.5,0.5,0,0.5,0.5,0.5,1
Cursola,ghost;none,0,0.4,60,95,50,145,130,30,0.5,2,1,1,1,0,1,1,2,1,1,1,0,0.5,1,1,1,1
Sirfetch'd,fighting;none,0,117,62,135,95,68,82,65,0.5,0.5,1,1,2,1,1,2,1,1,1,1,1,1,2,0.5,1,1
Mr. Rime,psychic;ice,0,58.2,80,85,75,110,100,70,2,2,1,1,1,1,2,1,2,1,1,0.5,1,1,0.5,2,2,1
Runerigus,ground;ghost,0,66.6,58,95,145,50,105,30,0.5,2,1,0,1,0,1,1,2,2,1,2,0,0.25,1,0.5,1,2
Milcery,fairy;none,0,0.3,45,40,40,50,61,34,0.5,0.5,0,1,1,0.5,1,1,1,1,1,1,1,2,1,1,2,1
Alcremie,fairy;none,0,0.5,65,60,75,110,121,64,0.5,0.5,0,1,1,0.5,1,1,1,1,1,1,1,2,1,1,2,1
Falinks,fighting;none,0,62,65,100,100,70,60,75,0.5,0.5,1,1,2,1,1,2,1,1,1,1,1,1,2,0.5,1,1
Pincurchin,electric;none,0,1,48,101,95,91,85,15,1,1,1,0,1,1,1,0.5,1,1,2,1,1,1,1,1,0.5,1
Snom,ice;bug,0,3.8,30,25,35,45,30,20,1,1,1,1,1,1,4,2,1,0.5,0.5,0.5,1,1,1,4,2,1
Frosmoth,ice;bug,0,42,70,65,60,125,90,65,1,1,1,1,1,1,4,2,1,0.5,0.5,0.5,1,1,1,4,2,1
Stonjourner,rock;none,0,520,100,125,135,20,20,70,1,1,1,1,1,2,0.5,0.5,1,2,2,1,0.5,0.5,1,1,2,2
Eiscue Ice Face,ice;none,0,89,75,80,110,65,90,50,1,1,1,1,1,2,2,1,1,1,1,0.5,1,1,1,2,2,1
Eiscue No Ice Face,ice;none,0,89,75,80,70,65,50,130,1,1,1,1,1,2,2,1,1,1,1,0.5,1,1,1,2,2,1
Indeedee Male,psychic;normal,0,28,60,65,55,105,95,95,2,2,1,1,1,1,1,1,0,1,1,1,1,1,0.5,1,1,1
Indeedee Female,psychic;normal,0,28,70,55,65,95,105,85,2,2,1,1,1,1,1,1,0,1,1,1,1,1,0.5,1,1,1
Morpeko Full Belly Mode,electric;dark,0,3,58,95,58,70,58,97,2,0.5,1,0.5,2,2,1,0.5,0.5,1,2,1,1,1,0,1,0.5,1
Morpeko Hangry Mode,electric;dark,0,3,58,95,58,70,58,97,2,0.5,1,0.5,2,2,1,0.5,0.5,1,2,1,1,1,0,1,0.5,1
Cufant,steel;none,0,100,72,80,49,40,49,40,0.5,1,0.5,1,0.5,2,2,0.5,1,0.5,2,0.5,0.5,0,0.5,0.5,0.5,1
Copperajah,steel;none,0,650,122,130,69,80,69,30,0.5,1,0.5,1,0.5,2,2,0.5,1,0.5,2,0.5,0.5,0,0.5,0.5,0.5,1
Dracozolt,electric;dragon,0,190,90,100,90,80,70,75,1,1,2,0,2,1,0.5,0.5,1,0.5,2,2,1,1,1,1,0.5,0.5
Arctozolt,electric;ice,0,150,90,100,90,90,80,55,1,1,1,0,1,2,2,0.5,1,1,2,0.5,1,1,1,2,1,1
Dracovish,water;dragon,0,215,90,90,100,70,80,75,1,1,2,1,2,1,0.25,1,1,1,1,1,1,1,1,1,0.5,0
Arctovish,water;ice,0,175,90,90,100,80,90,55,1,1,1,2,1,2,1,1,1,2,1,0.25,1,1,1,2,1,0
Duraludon,steel;dragon,0,40,70,95,115,120,50,85,0.5,1,1,0.5,1,2,1,0.5,1,0.25,2,1,0.5,0,0.5,0.5,0.5,0.5
Dreepy,dragon;ghost,0,2,28,60,30,40,30,82,0.5,2,2,0.5,2,0,0.5,1,2,0.5,1,2,0,0.5,1,1,1,0.5
Drakloak,dragon;ghost,0,11,68,80,50,60,50,102,0.5,2,2,0.5,2,0,0.5,1,2,0.5,1,2,0,0.5,1,1,1,0.5
Dragapult,dragon;ghost,0,50,88,120,75,100,75,142,0.5,2,2,0.5,2,0,0.5,1,2,0.5,1,2,0,0.5,1,1,1,0.5
Zacian Crowned Sword,fairy;steel,0,355,92,170,115,80,115,148,0.25,0.5,0,1,0.5,1,2,0.5,1,0.5,2,0.5,0.5,0,0.5,0.5,1,1
Zacian Hero of Many Battles,fairy;none,0,110,92,130,115,80,115,138,0.5,0.5,0,1,1,0.5,1,1,1,1,1,1,1,2,1,1,2,1
ZamazentaCrowned Shield,fighting;steel,0,785,92,130,145,80,145,128,0.25,0.5,0.5,1,1,2,2,1,1,0.5,2,0.5,0.5,0,1,0.25,0.5,1
Zamazenta Hero of Many Battles,fighting;none,0,210,92,130,115,80,115,138,0.5,0.5,1,1,2,1,1,2,1,1,1,1,1,1,2,0.5,1,1
Eternatus,poison;dragon,0,950,140,85,95,145,95,130,0.5,1,2,0.5,1,0.5,0.5,1,1,0.25,2,2,1,0.5,2,1,1,0.5
Kubfu,fighting;none,0,12,60,90,60,53,50,72,0.5,0.5,1,1,2,1,1,2,1,1,1,1,1,1,2,0.5,1,1
Urshifu Single Strike Style,fighting;dark,0,105,100,130,100,63,60,97,1,0.25,1,1,4,2,1,2,0.5,1,1,1,1,1,0,0.5,1,1
Urushifu Rapid Strike Style,fighting;water,0,105,100,130,100,63,60,97,0.5,0.5,1,2,2,1,0.5,2,1,2,1,0.5,1,1,2,0.5,0.5,0.5
Zarude,dark;grass,0,70,105,120,105,70,95,105,4,0.5,1,0.5,2,2,2,2,0.5,0.5,0.5,2,1,2,0,1,1,0.5
Regieleki,electric;none,0,145,80,100,50,100,50,200,1,1,1,0.5,1,1,1,0.5,1,1,2,1,1,1,1,1,0.5,1
Regidrago,dragon;none,0,200,200,100,50,100,50,80,1,1,2,0.5,2,1,0.5,1,1,0.5,1,2,1,1,1,1,1,0.5
Glastrier,ice;none,0,208,100,145,130,65,110,30,1,1,1,1,1,2,2,1,1,1,1,0.5,1,1,1,2,2,1
Spectrier,ghost;none,0,44.5,100,65,60,145,80,130,0.5,2,1,1,1,0,1,1,2,1,1,1,0,0.5,1,1,1,1
Calyrex,psychic;grass,0,7.7,80,80,80,80,80,80,4,2,1,0.5,1,0.5,2,2,2,0.5,0.5,2,1,2,0.5,1,1,0.5
Calyrex Ice Rider,psychic;ice,0,8091.1,100,165,150,85,130,50,2,2,1,1,1,1,2,1,2,1,1,0.5,1,1,0.5,2,2,1
Calyrex Shadow Rider,psychic;ghost,0,53.6,100,85,80,165,100,150,1,4,1,1,1,0,1,1,4,1,1,1,0,0.5,0.5,1,1,1
Wyrdeer,normal;psychic,0,95.1,103,105,72,105,75,65,2,2,1,1,1,1,1,1,0,1,1,1,1,1,0.5,1,1,1
Kleavor,bug;rock,0,89,70,135,95,45,70,85,1,1,1,1,1,1,1,1,1,1,1,1,0.5,0.5,1,2,2,2
Ursaluna,normal;ground,0,290,130,140,105,45,80,50,1,1,1,0,1,2,1,1,0,2,1,2,1,0.5,1,0.5,1,2
Basculegion male,water;ghost,0,110,120,112,65,80,75,75,0.5,2,1,2,1,0,0.5,1,2,2,1,0.5,0,0.5,1,1,0.5,0.5
Basculegion female,water;ghost,0,110,120,92,65,100,75,78,0.5,2,1,2,1,0,0.5,1,2,2,1,0.5,0,0.5,1,1,0.5,0.5
Sneasler,poison;fighting,0,43,80,130,60,40,80,120,0.25,0.5,1,1,1,0.5,1,2,1,0.5,2,1,1,0.5,4,0.5,1,1
Overqwil,dark;poison,0,60.5,85,115,95,65,65,85,1,0.5,1,1,1,1,1,1,0.5,0.5,2,1,1,0.5,0,1,1,1
Enamorus Incarnate Forme,fairy;flying,0,48,74,115,70,135,80,106,0.25,0.5,0,2,1,0.25,1,1,1,0.5,0,2,1,2,1,2,2,1
Enamorus Therian Forme,fairy;flying,0,48,74,115,110,135,100,46,0.25,0.5,0,2,1,0.25,1,1,1,0.5,0,2,1,2,1,2,2,1
